,City,Country,Latitude,Longitude,Date,Temperature,Min Temp,Max Temp,Humidity,Cloudiness,Wind Speed
0,semirom,IR,31.41,51.57,1570503636,44.32,44.32,44.32,61,0,1.97
1,hobyo,SO,5.35,48.53,1570503637,79.78,79.78,79.78,72,0,10.09
2,inirida,CO,3.87,-67.92,1570503638,73.39,73.39,73.39,96,99,1.43
3,pangnirtung,CA,66.15,-65.72,1570503639,28.64,28.64,28.64,90,100,3.49
4,banda aceh,ID,5.56,95.32,1570503641,81.73,81.73,81.73,78,100,11.86
5,brazzaville,CD,-4.27,15.27,1570503642,69.16,69.16,69.16,96,88,0.92
6,praia da vitoria,PT,38.73,-27.07,1570503643,66.2,66.2,66.2,77,75,14.25
7,wajir,KE,1.75,40.07,1570503644,76.96,76.96,76.96,60,18,10.71
8,alberton,ZA,-26.25,28.13,1570503645,59.65,55.0,62.6,21,0,2.84
9,mogadishu,SO,2.04,45.34,1570503539,76.6,76.6,76.6,87,15,7.94
10,galle,GN,10.08,-12.83,1570503648,70.39,70.39,70.39,92,96,1.5
11,luanda,AO,-8.83,13.24,1570503650,75.2,75.2,75.2,83,75,10.29
12,san rafael,AR,-34.61,-68.33,1570503564,55.97,55.97,55.97,40,39,6.4
13,nushki,PK,29.55,66.02,1570503652,74.9,74.9,74.9,22,0,2.42
14,ihosy,MG,-22.4,46.13,1570503654,56.63,56.63,56.63,91,10,9.93
15,elliot lake,CA,46.37,-82.65,1570503655,48.2,48.2,48.2,81,1,3.36
16,torbay,CA,47.66,-52.73,1570503656,54.86,53.01,57.0,93,90,25.28
17,nova odessa,BR,-22.78,-47.29,1570503657,67.68,66.2,69.01,72,40,17.22
18,pergamino,AR,-33.9,-60.57,1570503659,56.26,53.01,57.99,42,13,1.99
19,paro,BT,27.43,89.41,1570503660,44.41,44.41,44.41,63,4,4.65
20,awbari,LY,26.59,12.77,1570503661,69.65,69.65,69.65,24,0,8.61
21,mantova,IT,45.16,10.79,1570503662,52.9,50.0,57.2,93,40,2.24
22,challapata,BO,-18.9,-66.78,1570503663,44.66,44.66,44.66,31,0,10.63
23,chapayevka,RU,53.06,158.83,1570503665,55.4,55.4,55.4,65,48,11.18
24,macia,MZ,-25.03,33.09,1570503666,73.14,73.14,73.14,65,100,8.41
25,batticaloa,LK,7.71,81.69,1570503667,80.79,80.79,80.79,75,65,3.06
26,ajaccio,FR,41.93,8.74,1570503668,55.38,53.6,57.2,66,0,8.05
27,oxford,US,33.61,-85.83,1570503669,65.68,64.0,68.0,88,1,5.82
28,diego de almagro,CL,-26.39,-70.05,1570503671,53.0,53.0,53.0,58,0,2.17
29,jumla,NP,29.28,82.18,1570503672,55.88,55.88,55.88,65,0,1.54
30,mikun,RU,62.35,50.08,1570503673,39.89,39.89,39.89,94,100,9.26
31,storslett,NO,69.77,21.03,1570503676,39.55,39.55,39.55,75,0,21.92
32,kjollefjord,NO,70.95,27.35,1570503677,39.01,39.01,39.01,78,0,15.68
33,gorele,TR,41.03,39.0,1570503678,64.4,64.4,64.4,77,75,3.36
34,effingham,US,39.12,-88.54,1570503679,52.65,48.0,57.2,62,1,5.23
35,pattoki,PK,31.02,73.85,1570503649,78.68,78.68,78.68,31,0,2.91
36,pozzallo,IT,44.81,9.34,1570503682,54.16,46.0,63.0,59,0,6.93
37,kamien pomorski,PL,53.97,14.77,1570503684,42.67,41.0,45.0,80,0,6.93
38,gat,SN,14.69,-16.54,1570503685,77.0,77.0,77.0,88,20,3.36
39,nantucket,US,41.28,-70.1,1570503602,67.28,64.4,69.8,93,90,8.05
40,arkhangelskaya,RU,45.68,40.28,1570503687,49.87,49.87,49.87,68,100,6.24
41,ocean city,US,30.44,-86.61,1570503588,75.2,71.6,79.0,69,1,4.7
42,ray,US,48.34,-103.17,1570503694,50.85,46.4,55.0,65,1,13.87
43,namibe,AO,-15.19,12.15,1570503696,68.62,68.62,68.62,86,98,6.91
44,conde,BR,-11.81,-37.61,1570503698,69.27,69.27,69.27,98,20,3.06
45,ushtobe,KZ,45.25,77.98,1570503700,67.43,67.43,67.43,26,93,2.42
46,cochrane,CL,-47.25,-72.57,1570503657,32.93,32.93,32.93,98,98,4.29
47,norilsk,RU,69.35,88.2,1570503703,23.0,23.0,23.0,100,75,6.71
48,brewster,US,41.76,-70.08,1570503704,66.72,62.01,69.8,88,75,14.99
49,zavolzhye,RU,56.64,43.39,1570503705,34.38,33.8,35.01,86,90,17.9
50,trincomalee,LK,8.58,81.23,1570503706,82.07,82.07,82.07,71,6,3.96
51,grand-bourg,GP,15.88,-61.31,1570503707,82.4,82.4,82.4,74,40,8.05
52,dembi dolo,ET,8.53,34.8,1570503709,65.38,65.38,65.38,89,92,5.17
53,loandjili,CG,-4.77,11.87,1570503710,77.57,77.57,77.57,85,100,7.16
54,alabaster,US,33.24,-86.82,1570503711,67.91,64.0,71.01,88,90,6.93
55,qaanaaq,GL,77.48,-69.36,1570503712,20.33,20.33,20.33,87,100,12.01
56,tocopilla,CL,-22.09,-70.2,1570503713,58.43,58.43,58.43,84,1,3.4
57,mangai,CD,-4.07,19.59,1570503715,70.06,70.06,70.06,99,100,2.1
58,busselton,AU,-33.64,115.35,1570503716,71.28,68.0,73.99,34,100,9.33
59,guanica,PR,17.97,-66.91,1570503718,79.86,75.99,82.99,77,32,5.99
60,mumbwa,ZM,-14.99,27.06,1570503721,72.85,72.85,72.85,42,8,9.6
61,minab,IR,27.15,57.07,1570503722,80.6,80.6,80.6,74,0,3.51
62,nucet,RO,46.49,22.56,1570503723,32.39,32.39,32.39,70,0,3.06
63,jardim,BR,-21.48,-56.15,1570503724,69.04,69.04,69.04,76,87,4.85
64,ferrol,ES,43.48,-8.23,1570503726,66.06,62.6,68.0,88,90,9.17
65,kunashak,RU,55.7,61.55,1570503727,35.6,35.6,35.6,93,0,4.47
66,bilma,NE,18.69,12.92,1570503728,88.55,88.55,88.55,18,100,5.77
67,san joaquin,PH,10.59,122.14,1570503729,88.17,88.17,88.17,61,72,5.48
68,dimona,IL,31.07,35.04,1570503730,61.0,61.0,61.0,86,2,1.01
69,oulainen,FI,64.27,24.8,1570503732,35.76,33.01,37.99,93,64,3.0
70,dhanwar,IN,24.42,85.98,1570503733,79.51,79.51,79.51,72,71,1.83
71,taybad,IR,34.74,60.78,1570503734,63.76,63.76,63.76,22,0,2.1
72,gobabis,NA,-22.45,18.97,1570503735,55.19,55.19,55.19,20,0,5.32
73,novo aripuana,BR,-5.12,-60.38,1570503737,77.86,77.86,77.86,75,79,1.3
74,pau dos ferros,BR,-6.11,-38.21,1570503738,71.54,71.54,71.54,72,0,6.2
75,kruisfontein,ZA,-34.0,24.73,1570503739,53.57,53.57,53.57,85,76,5.91
76,inongo,CD,-1.93,18.29,1570503740,69.7,69.7,69.7,97,100,0.74
77,santona,ES,43.44,-3.46,1570503741,56.1,52.0,60.01,87,25,1.12
78,salamiyah,SY,35.01,37.05,1570503743,60.7,60.7,60.7,86,38,6.26
79,vares,BA,44.16,18.33,1570503744,47.41,46.4,48.2,87,75,2.24
80,beisfjord,NO,68.38,17.6,1570503745,36.09,32.0,42.01,74,0,16.11
81,tabuk,PH,17.41,121.44,1570503746,79.17,79.17,79.17,53,2,4.63
82,baiao,BR,-2.79,-49.67,1570503747,77.64,77.64,77.64,76,7,2.26
83,basoko,CD,1.23,23.61,1570503749,69.47,69.47,69.47,99,100,3.0
84,darnah,LY,32.77,22.64,1570503750,74.65,74.65,74.65,68,100,17.54
85,ugoofaaru,MV,5.67,73.0,1570503751,82.28,82.28,82.28,65,42,3.11
86,quilmana,PE,-12.95,-76.38,1570503752,58.87,58.87,58.87,91,17,3.74
87,klaksvik,FO,62.23,-6.59,1570503753,50.0,50.0,50.0,93,91,20.8
88,rawdon,CA,46.05,-73.71,1570503755,55.98,54.0,57.99,87,75,2.24
89,saint-pierre,FR,48.95,4.24,1570503756,52.16,51.01,53.6,100,90,17.22
90,formosa do rio preto,BR,-11.04,-45.19,1570503757,78.25,78.25,78.25,43,15,2.39
91,lumeje,AO,-11.56,20.78,1570503758,68.41,68.41,68.41,70,94,2.01
92,gao,ML,16.28,-0.04,1570503760,88.28,88.28,88.28,20,0,6.13
93,sisimiut,GL,66.94,-53.67,1570503762,37.23,37.23,37.23,52,15,4.85
94,bonavista,CA,48.65,-53.11,1570503763,55.99,55.99,55.99,86,100,15.01
95,bende,BE,50.42,5.41,1570503764,52.43,51.01,53.6,93,75,16.11
96,mount pleasant,US,33.16,-94.97,1570503768,60.21,57.99,62.6,82,1,5.12
97,gagra,GE,43.29,40.27,1570503769,59.0,59.0,59.0,67,90,2.24
98,roros,NO,62.57,11.38,1570503770,21.2,21.2,21.2,100,100,2.24
99,lucapa,AO,-8.42,20.74,1570503772,66.8,66.8,66.8,93,100,2.33
100,aksu,KZ,52.04,76.93,1570503773,51.8,51.8,51.8,76,0,4.47
101,ginda,IN,30.69,78.49,1570503774,64.4,64.4,64.4,93,0,0.6
102,espanola,CA,46.27,-81.77,1570503775,42.01,42.01,42.01,86,0,4.76
103,miandrivazo,MG,-19.53,45.46,1570503776,76.04,76.04,76.04,61,2,2.82
104,igarka,RU,67.47,86.57,1570503779,31.49,31.49,31.49,89,82,7.31
105,nizwa,OM,22.93,57.53,1570503721,71.52,71.52,71.52,72,0,1.9
106,yazykovo,RU,54.3,47.38,1570503781,33.54,33.54,33.54,84,0,7.94
107,gursarai,IN,25.62,79.18,1570503782,80.48,80.48,80.48,55,0,2.42
108,ballina,IE,54.11,-9.15,1570503784,52.05,48.99,55.99,90,0,7.0
109,arrifes,PT,37.77,-25.7,1570503785,67.78,66.0,71.01,93,40,16.11
110,lagos,NG,6.46,3.39,1570503660,77.0,77.0,77.0,94,75,5.82
111,garissa,KE,-0.46,39.64,1570503788,73.28,73.28,73.28,77,95,10.67
112,derzhavinsk,KZ,51.1,66.31,1570503789,51.52,51.52,51.52,73,0,7.49
113,salym,RU,60.06,71.48,1570503791,44.16,44.16,44.16,94,56,4.18
114,rewari,IN,28.2,76.62,1570503792,78.76,71.6,84.0,83,0,6.93
115,tabory,PL,53.89,19.53,1570503793,35.44,35.01,36.0,87,98,7.09
116,mapiripan,CO,2.89,-72.13,1570503794,74.6,74.6,74.6,89,100,2.66
117,abha,SA,18.22,42.5,1570503796,61.84,59.0,64.4,44,0,7.2
118,bulungu,CD,-4.54,18.6,1570503797,71.23,71.23,71.23,96,100,3.96
119,nueva guinea,NI,11.69,-84.46,1570503761,74.65,74.65,74.65,90,13,2.66
120,saint-georges,CA,46.12,-70.67,1570503660,50.7,48.99,52.0,94,95,10.29
121,ranipur,IN,25.25,79.06,1570503800,80.48,80.48,80.48,55,0,2.42
122,soke,ML,13.6,-5.94,1570503801,75.73,75.73,75.73,78,19,9.04
123,pacasmayo,PE,-7.4,-79.57,1570503803,59.71,59.71,59.71,92,76,13.06
124,ampanihy,MG,-24.69,44.75,1570503804,71.45,71.45,71.45,59,0,7.16
125,kargasok,RU,59.06,80.87,1570503805,47.9,47.9,47.9,73,71,3.89
126,fort payne,US,34.44,-85.72,1570503806,64.17,57.99,70.0,93,75,8.75
127,molepolole,BW,-24.41,25.52,1570503808,68.0,68.0,68.0,19,0,8.05
128,nizhniy baskunchak,RU,48.22,46.83,1570503809,41.62,41.62,41.62,72,76,8.28
129,hornepayne,CA,49.22,-84.78,1570503810,40.87,40.87,40.87,88,0,7.63
130,ustka,PL,54.58,16.86,1570503568,44.09,44.09,44.09,78,100,13.82
131,muros,ES,42.77,-9.06,1570503812,64.63,62.01,68.0,100,90,5.82
132,tombouctou,ML,16.77,-3.01,1570503814,87.2,87.2,87.2,11,0,12.03
133,sedhiou,SN,12.71,-15.56,1570503815,75.44,75.44,75.44,86,100,1.83
134,shenkursk,RU,62.11,42.91,1570503816,39.7,39.7,39.7,96,100,9.1
135,nsoko,ZA,-27.07,31.93,1570503817,69.22,66.2,73.4,69,68,11.41
136,joshimath,IN,30.57,79.57,1570503819,56.87,56.87,56.87,40,0,1.1
137,isiolo,KE,0.35,37.58,1570503820,68.71,68.71,68.71,65,0,12.91
138,goreloye,RU,52.92,41.5,1570503821,35.3,35.3,35.3,73,100,8.37
139,igrim,RU,63.19,64.42,1570503822,38.92,38.92,38.92,97,100,6.91
140,cruzilia,BR,-21.84,-44.81,1570503823,65.53,65.53,65.53,95,100,2.19
141,siilinjarvi,FI,63.08,27.67,1570503826,32.0,32.0,32.0,95,0,4.7
142,caravelas,BR,-17.73,-39.27,1570503827,73.55,73.55,73.55,89,0,7.72
143,aranos,NA,-24.14,19.11,1570503828,51.49,51.49,51.49,26,5,7.09
144,porto belo,BR,-27.15,-48.54,1570503829,64.18,62.6,66.2,93,40,3.36
145,bud,NO,62.91,6.91,1570503832,39.74,37.0,44.6,74,100,5.82
146,aberfeldy,GB,56.62,-3.87,1570503833,50.4,48.99,51.01,87,40,13.87
147,bongandanga,CD,1.51,21.07,1570503834,70.03,70.03,70.03,96,100,1.97
148,pimentel,BR,-3.7,-45.5,1570503835,76.2,76.2,76.2,82,0,4.18
149,beloha,MG,-25.17,45.06,1570503837,70.37,70.37,70.37,57,0,7.67
150,praia,BR,-20.25,-43.81,1570503838,73.4,73.4,73.4,53,0,9.17
151,opuwo,NA,-18.06,13.84,1570503839,61.42,61.42,61.42,34,7,3.29
152,kolokani,ML,13.58,-8.03,1570503840,72.58,72.58,72.58,85,95,2.28
153,rocafuerte,EC,-0.92,-80.45,1570503841,69.8,69.8,69.8,94,75,9.17
154,bystryy istok,RU,52.37,84.39,1570503843,56.2,56.2,56.2,67,0,2.89
155,young,UY,-32.7,-57.63,1570503844,66.99,66.99,66.99,75,0,3.51
156,nola,CF,3.52,16.05,1570503845,68.62,68.62,68.62,98,100,2.35
157,suna,FI,60.2,24.68,1570503846,35.2,34.0,37.0,93,75,1.66
158,antonina,BR,-25.43,-48.71,1570503597,58.82,57.0,64.99,100,90,4.7
159,cuorgne,IT,45.39,7.65,1570503849,46.54,39.99,53.01,76,0,5.82
160,rawson,AR,-43.3,-65.11,1570503850,52.13,52.13,52.13,38,0,22.35
161,atar,MR,20.52,-13.05,1570503851,87.18,87.18,87.18,9,0,8.77
162,ankazoabo,MG,-22.29,44.51,1570503852,68.41,68.41,68.41,66,0,3.18
163,kandi,BJ,11.13,2.93,1570503854,73.82,73.82,73.82,94,100,3.56
164,san andres,PH,13.32,122.68,1570503855,87.52,87.52,87.52,58,33,7.99
165,le vauclin,MQ,14.55,-60.84,1570503856,78.8,78.8,78.8,88,75,3.36
166,quipapa,BR,-8.83,-36.01,1570503857,64.12,64.12,64.12,95,46,13.02
167,havelock,US,34.88,-76.9,1570503858,71.47,69.01,73.99,78,1,6.93
168,hambantota,LK,6.12,81.12,1570503860,77.0,77.0,77.0,100,75,3.36
169,touba,SN,14.86,-15.88,1570503861,79.13,79.13,79.13,77,100,10.8
170,kozluk,TR,38.17,41.5,1570503862,53.4,50.0,57.2,76,0,9.17
171,drammen,NO,59.74,10.2,1570503863,35.22,33.01,37.99,86,100,8.05
172,bartica,GY,6.41,-58.62,1570503864,77.0,77.0,77.0,100,20,2.24
173,menongue,AO,-14.66,17.68,1570503866,61.69,61.69,61.69,83,95,4.99
174,umm lajj,SA,25.02,37.27,1570503776,84.82,84.82,84.82,76,0,1.86
175,iki-burul,RU,45.82,44.65,1570503868,39.04,39.0,39.2,86,95,11.18
176,zuya,UA,45.05,34.32,1570503869,46.93,46.93,46.93,80,100,12.01
177,puerto madryn,AR,-42.77,-65.04,1570503871,53.86,53.86,53.86,35,15,26.06
178,zapolyarnyy,RU,69.43,30.82,1570503872,33.8,33.8,33.8,88,20,10.29
179,port-gentil,GA,-0.72,8.78,1570503873,78.2,78.2,78.2,84,87,10.49
180,turukhansk,RU,65.8,87.96,1570503874,33.68,33.68,33.68,88,100,7.87
181,oparino,RU,59.85,48.28,1570503875,37.66,37.66,37.66,90,100,13.91
182,uhlove,UA,44.82,33.6,1570503878,51.86,51.86,51.86,73,100,21.65
183,san vicente de chucuri,CO,6.88,-73.41,1570503879,69.8,69.8,69.8,100,20,3.36
184,sayyan,YE,15.17,44.32,1570503880,66.44,66.44,66.44,62,0,0.76
185,bage,IN,12.95,75.85,1570503881,76.45,76.45,76.45,81,34,0.65
186,wattegama,LK,7.35,80.68,1570503883,78.85,78.85,78.85,75,28,3.09
187,megion,RU,61.04,76.11,1570503884,41.0,41.0,41.0,75,0,4.47
188,bangassou,CF,4.74,22.82,1570503885,67.9,67.9,67.9,98,98,1.41
189,palaikastron,GR,35.2,26.25,1570503886,73.99,73.99,73.99,73,100,3.0
190,kidal,ML,18.44,1.41,1570503888,87.72,87.72,87.72,14,0,7.85
191,montmagny,FR,48.97,2.34,1570503889,55.38,54.0,57.0,93,90,8.05
192,massaguet,TD,12.48,15.44,1570503890,73.4,73.4,73.4,94,20,4.74
193,myre,SE,62.25,17.37,1570503891,37.76,35.6,39.99,93,19,2.24
194,bandarbeyla,SO,9.49,50.81,1570503893,75.57,75.57,75.57,86,10,3.74
195,angoche,MZ,-16.23,39.91,1570503895,71.93,71.93,71.93,90,0,4.43
196,asmar,AF,35.03,71.36,1570503896,56.74,56.74,56.74,34,0,4.79
197,bambous virieux,MU,-20.34,57.76,1570503897,69.4,69.01,69.8,88,75,4.7
198,camabatela,AO,-8.19,15.37,1570503898,66.57,66.57,66.57,99,100,1.39
199,mocuba,MZ,-16.84,36.99,1570503901,74.89,74.89,74.89,74,100,6.33
200,matagami,NG,9.67,8.4,1570503902,67.63,67.63,67.63,99,100,6.85
201,taoudenni,ML,22.68,-3.98,1570503903,83.38,83.38,83.38,9,0,8.79
202,caceres,CO,5.53,-74.53,1570503904,66.01,66.01,66.01,95,70,2.46
203,tupaciguara,BR,-18.59,-48.7,1570503906,68.0,68.0,68.0,88,40,9.17
204,vila velha,BR,-3.71,-38.6,1570503908,78.89,78.8,79.0,74,75,17.22
205,cheremushskiy,RU,61.27,47.26,1570503909,41.89,41.89,41.89,94,100,9.55
206,kamennomostskiy,RU,44.29,40.18,1570503910,48.21,48.21,48.21,68,79,2.42
207,kaina,NG,12.64,8.59,1570503913,75.2,75.2,75.2,83,20,6.93
208,hofn,IS,64.25,-15.21,1570503914,37.77,37.77,37.77,99,100,5.19
209,goose creek,US,38.32,-85.65,1570503915,50.77,46.4,55.99,100,1,1.79
210,barra de sao francisco,BR,-18.75,-40.89,1570503916,68.3,68.3,68.3,91,85,8.03
211,mayahi,NE,13.95,7.67,1570503918,84.32,84.32,84.32,49,87,6.04
212,muscat,OM,23.6,58.55,1570503783,82.4,82.4,82.4,83,0,3.36
213,rae bareli,IN,26.22,81.25,1570503920,79.35,79.35,79.35,57,0,2.08
214,iracoubo,GF,5.48,-53.21,1570503921,77.46,77.46,77.46,91,0,7.09
215,yorosso,ML,12.35,-4.78,1570503922,75.55,75.55,75.55,82,100,8.39
216,puerto baquerizo moreno,EC,-0.9,-89.6,1570503924,67.65,67.65,67.65,86,22,12.1
217,marzuq,YE,14.4,46.47,1570503925,68.42,68.42,68.42,59,0,3.13
218,pedernales,EC,0.07,-80.05,1570503929,74.58,74.58,74.58,83,100,10.89
219,springdale,US,36.19,-94.13,1570503931,51.35,48.0,55.4,87,1,3.36
220,cockburn town,TC,21.46,-71.14,1570503932,83.38,83.38,83.38,81,100,19.37
221,carballo,ES,43.21,-8.69,1570503933,65.59,62.01,68.0,88,90,9.17
222,yakuplu,TR,39.43,38.59,1570503935,55.63,55.63,55.63,72,100,3.51
223,vytegra,RU,61.01,36.45,1570503944,36.6,36.6,36.6,97,100,21.72
224,kyzyl-suu,KG,42.34,78.0,1570503945,56.92,56.92,56.92,62,100,7.54
225,conceicao do araguaia,BR,-8.26,-49.26,1570503946,76.92,76.92,76.92,75,39,2.48
226,paamiut,GL,61.99,-49.67,1570503947,38.96,38.96,38.96,81,100,8.59
227,thakurganj,IN,26.43,88.13,1570503949,75.2,75.2,75.2,83,75,5.82
228,dakar,SN,14.69,-17.45,1570503804,79.81,77.0,82.4,88,20,3.36
229,kortkeros,RU,61.81,51.56,1570503951,39.2,39.2,39.2,93,75,4.47
230,puerto colombia,CO,10.99,-74.96,1570503953,80.6,80.6,80.6,94,75,3.36
231,prestea,GH,5.43,-2.14,1570503954,72.55,72.55,72.55,94,100,3.67
232,kalamnuri,IN,19.67,77.31,1570503956,78.29,78.29,78.29,75,0,7.05
233,bethanien,NA,-26.5,17.16,1570503957,46.79,46.79,46.79,36,0,1.9
234,mozhga,RU,56.44,52.22,1570503958,39.64,39.64,39.64,71,100,13.89
235,lincoln,GB,53.23,-0.54,1570503730,51.1,48.0,53.6,93,0,14.99
236,mecca,SA,21.43,39.83,1570503960,87.13,87.13,87.13,32,59,11.01
237,umm kaddadah,SD,13.6,26.69,1570503962,80.38,80.38,80.38,57,96,5.44
238,nara,JP,34.68,135.8,1570503964,72.0,70.0,73.4,94,75,14.99
239,dalbandin,PK,28.9,64.41,1570503965,76.78,76.78,76.78,25,0,5.82
240,upernavik,GL,72.79,-56.15,1570503966,29.83,29.83,29.83,74,47,9.46
241,kpandae,GH,8.46,-0.01,1570503968,73.46,73.46,73.46,97,97,6.49
242,belousovka,KZ,50.13,82.52,1570503969,41.0,41.0,41.0,75,0,2.98
243,bull savanna,JM,17.89,-77.59,1570503970,83.38,83.38,83.38,76,99,8.99
244,gumdag,TM,39.2,54.59,1570503971,62.16,62.16,62.16,60,0,3.65
245,troitsko-pechorsk,RU,62.71,56.19,1570503973,39.93,39.93,39.93,87,56,11.18
246,merrill,US,42.03,-121.6,1570503974,58.96,57.0,60.8,36,1,11.41
247,upington,ZA,-28.46,21.24,1570503975,57.2,57.2,57.2,48,0,2.24
248,statesville,US,35.78,-80.89,1570503976,67.55,64.0,71.01,77,90,2.35
249,chuy,UY,-33.69,-53.46,1570503851,57.93,57.93,57.93,93,0,6.64
250,skjervoy,NO,70.03,20.97,1570503979,42.2,42.2,42.2,68,0,19.93
251,bykovo,RU,49.76,45.39,1570503980,37.54,37.54,37.54,78,66,7.9
252,aripuana,BR,-9.17,-60.63,1570503895,74.27,74.27,74.27,84,39,1.68
253,waddan,LY,29.16,16.14,1570503982,70.39,70.39,70.39,25,44,6.76
254,arkhangelskoye,RU,54.46,37.62,1570503984,28.46,28.46,28.46,89,0,11.03
255,saint-leu,RE,-21.15,55.28,1570503986,66.51,57.0,73.4,56,0,9.17
256,saldanha,PT,41.42,-6.55,1570503872,61.31,61.31,61.31,44,18,1.66
257,castro,CL,-42.48,-73.76,1570503990,42.8,42.8,42.8,87,20,4.7
258,asasa,ET,7.1,39.2,1570503991,45.64,45.64,45.64,91,49,3.09
259,reyes,BO,-14.3,-67.34,1570503993,64.63,64.63,64.63,95,31,1.74
260,rochegda,RU,62.67,43.41,1570503994,39.64,39.64,39.64,94,100,7.99
261,sadiqabad,PK,28.31,70.13,1570503996,82.81,82.81,82.81,38,0,6.44
262,strezhevoy,RU,60.73,77.6,1570503997,41.0,41.0,41.0,75,0,4.47
263,xuddur,SO,4.12,43.89,1570503998,73.48,73.48,73.48,79,48,9.51
264,maine-soroa,NE,13.21,12.02,1570503999,80.48,80.48,80.48,62,84,8.66
265,kholmogory,RU,64.23,41.65,1570504000,33.8,33.8,33.8,100,90,13.42
266,cheremukhovo,RU,56.23,46.23,1570504002,34.44,34.44,34.44,78,90,11.1
267,turayf,SA,31.68,38.65,1570504003,68.0,68.0,68.0,42,0,4.7
268,adre,TD,13.47,22.2,1570504004,72.11,72.11,72.11,76,100,3.74
269,clacton-on-sea,GB,51.79,1.16,1570504005,55.83,51.8,57.99,93,20,10.29
270,iqaluit,CA,63.75,-68.52,1570503858,41.0,41.0,41.0,80,90,10.29
271,qasigiannguit,GL,68.82,-51.19,1570504008,28.4,28.4,28.4,58,2,6.93
272,lancaster,US,40.04,-76.31,1570503940,57.65,55.99,60.01,100,90,4.7
273,yanam,IN,16.73,82.22,1570504010,82.4,82.4,82.4,78,40,3.36
274,talavera de la reina,ES,39.96,-4.83,1570504011,63.0,63.0,63.0,51,11,1.99
275,bereznik,RU,62.86,42.71,1570504012,39.79,39.79,39.79,95,100,8.23
276,borgosesia,IT,45.72,8.28,1570504014,50.52,41.0,55.0,100,40,4.7
277,gidole,ET,5.65,37.37,1570504015,70.21,70.21,70.21,78,41,2.26
278,souillac,FR,45.6,-0.6,1570503873,57.09,55.99,57.99,82,90,10.29
279,cabinda,AO,-5.56,12.19,1570504017,77.41,77.41,77.41,84,100,10.22
280,borovoy,RU,63.23,52.89,1570504018,37.82,37.82,37.82,91,100,11.59
281,vero beach,US,27.64,-80.4,1570504020,76.78,75.0,78.8,94,90,12.75
282,inta,RU,66.04,60.13,1570504021,36.42,36.42,36.42,82,77,13.42
283,verkhnyaya inta,RU,65.99,60.32,1570504022,36.42,36.42,36.42,82,77,13.42
284,lebu,ET,8.96,38.73,1570504023,59.0,59.0,59.0,72,40,5.82
285,jaguaruna,BR,-28.62,-49.03,1570503822,57.86,57.86,57.86,91,16,3.22
286,nanortalik,GL,60.14,-45.24,1570504026,37.16,37.16,37.16,83,98,0.65
287,ganj muradabad,IN,26.97,80.18,1570504025,79.46,79.46,79.46,54,0,2.91
288,barcelos,BR,-0.97,-62.93,1570504028,77.32,77.32,77.32,81,0,0.6
289,arlit,NE,18.74,7.39,1570504029,87.58,87.58,87.58,18,0,6.26
290,zarand,IR,30.81,56.57,1570504030,53.6,53.6,53.6,30,0,4.7
291,perelyub,RU,51.87,50.37,1570504032,35.57,35.57,35.57,81,0,4.85
292,subate,LV,56.01,25.91,1570504033,37.9,37.9,37.9,88,97,8.75
293,jagtial,IN,18.8,78.92,1570504034,77.48,77.48,77.48,80,100,7.47
294,oussouye,SN,12.49,-16.54,1570504035,77.0,77.0,77.0,94,0,2.24
295,arraial do cabo,BR,-22.97,-42.02,1570504036,71.93,71.93,71.93,92,86,4.34
296,iralaya,HN,15.0,-83.23,1570504038,76.92,76.92,76.92,95,100,3.0
297,karpathos,GR,35.51,27.21,1570504039,75.2,75.2,75.2,73,91,16.11
298,pointe michel,DM,15.25,-61.38,1570504040,81.29,81.29,81.29,77,100,12.01
299,olinda,AU,-37.84,145.39,1570504041,54.63,48.99,57.99,76,75,20.8
300,ajdabiya,LY,30.75,20.22,1570504043,77.06,77.06,77.06,50,100,24.23
301,skara,SE,58.38,13.44,1570504044,34.75,30.2,37.4,88,100,4.7
302,yarada,IN,17.65,83.27,1570504045,82.4,82.4,82.4,78,75,6.93
303,sistranda,NO,63.73,8.83,1570504046,41.63,41.0,42.01,60,0,11.41
304,mandiana,GN,10.62,-8.7,1570504047,70.8,70.8,70.8,98,100,4.72
305,kyabe,TD,9.45,18.94,1570504049,68.77,68.77,68.77,95,100,2.01
306,segezha,RU,63.74,34.31,1570504050,33.14,33.14,33.14,97,100,13.91
307,dakoro,NE,14.51,6.76,1570504051,84.37,84.37,84.37,48,100,8.68
308,aktau,KZ,43.65,51.16,1570504052,42.8,42.8,42.8,93,0,6.71
309,khategaon,IN,22.6,76.91,1570504054,77.6,77.6,77.6,78,0,4.47
310,virginia beach,US,36.85,-75.98,1570504053,71.35,68.0,73.4,88,75,4.7
311,ongandjera,NA,-17.88,15.07,1570504056,65.42,65.42,65.42,18,59,7.11
312,marathon,CA,48.72,-86.38,1570504057,40.24,40.24,40.24,89,0,4.68
313,antalaha,MG,-14.9,50.28,1570504058,64.16,64.16,64.16,94,14,2.73
314,mutis,CO,6.23,-77.4,1570504059,79.12,79.12,79.12,83,100,8.23
315,rock sound,BS,24.9,-76.2,1570504061,82.61,82.61,82.61,78,100,9.57
316,ouallam,NE,14.32,2.08,1570504063,87.38,87.38,87.38,44,56,10.11
317,ruwi,OM,23.6,58.55,1570503783,82.4,82.4,82.4,83,0,3.36
318,ouro preto do oeste,BR,-10.75,-62.22,1570504065,73.16,73.16,73.16,88,56,0.98
319,les cayes,HT,18.19,-73.75,1570504066,83.2,83.2,83.2,79,97,13.58
320,cibitoke,BI,-2.89,29.12,1570504069,63.35,63.35,63.35,61,100,2.37
321,buchanan,LR,5.88,-10.05,1570504070,75.2,75.2,75.2,94,75,4.7
322,wawa,NG,9.9,4.41,1570504071,71.86,71.86,71.86,94,87,2.86
323,borujerd,IR,33.89,48.76,1570504072,57.27,51.8,60.8,44,0,2.15
324,progreso,UY,-34.68,-56.22,1570504074,60.69,55.99,64.99,67,0,4.7
325,comodoro rivadavia,AR,-45.87,-67.48,1570504075,55.4,55.4,55.4,37,0,25.28
326,beboto,TD,8.27,16.94,1570504076,70.03,70.03,70.03,97,99,0.89
327,kambove,CD,-10.88,26.6,1570504077,71.93,71.93,71.93,42,76,8.72
328,viljoenskroon,ZA,-27.21,26.95,1570504079,46.54,46.54,46.54,31,0,2.77
329,laguna,BZ,16.17,-88.94,1570504080,78.8,78.8,78.8,94,75,1.28
330,orasac,RS,43.06,22.07,1570504081,44.6,44.6,44.6,70,0,8.05
331,san vicente,EC,-0.59,-80.41,1570504082,69.8,69.8,69.8,94,75,9.17
332,mathathane,BW,-22.27,28.75,1570504085,61.69,61.69,61.69,34,6,3.96
333,janauba,BR,-1.63,-45.47,1570504086,76.85,76.85,76.85,87,22,5.17
334,krasnopavlivka,UA,49.15,36.33,1570504087,34.58,34.58,34.58,77,13,9.37
335,quimperle,FR,47.87,-3.55,1570504088,59.54,57.0,62.6,93,75,8.05
336,bazaliya,UA,49.71,26.47,1570504089,31.94,31.94,31.94,85,0,7.16
337,bria,CF,6.54,21.99,1570504092,66.55,66.55,66.55,98,96,1.72
338,dapaong,TG,10.86,0.2,1570504094,78.22,78.22,78.22,81,100,7.27
339,saint-augustin,CA,45.63,-73.98,1570504095,55.99,54.0,57.99,87,75,2.24
340,georgetown,GY,6.8,-58.16,1570504097,77.0,77.0,77.0,100,20,2.24
341,calafell,ES,41.2,1.57,1570504098,62.4,55.0,68.0,93,75,3.36
342,remedios,CO,7.03,-74.7,1570504099,66.84,66.84,66.84,99,92,1.54
343,arcos,BR,-20.28,-45.54,1570504100,67.54,67.54,67.54,95,100,4.16
344,arkadak,RU,51.94,43.49,1570504102,34.78,34.78,34.78,83,86,5.97
345,gornyak,KZ,51.0,81.46,1570504103,55.7,55.7,55.7,67,0,5.86
346,codrington,AU,-28.95,153.24,1570504104,95.97,82.4,102.2,9,92,21.92
347,raahe,FI,64.68,24.47,1570504105,31.37,30.99,32.0,86,20,5.82
348,chulym,RU,55.09,80.97,1570504107,51.31,51.31,51.31,73,0,4.59
349,pitimbu,BR,-7.47,-34.81,1570504093,77.0,77.0,77.0,73,0,5.82
350,ronne,FR,48.45,0.83,1570504109,55.71,55.4,55.99,100,90,16.11
351,bharatpur,IN,27.22,77.5,1570504111,69.8,69.8,69.8,88,5,1.72
352,dikson,RU,73.51,80.55,1570503897,24.58,24.58,24.58,74,51,9.04
353,schenectady,US,42.81,-73.94,1570504097,53.94,51.01,55.99,93,90,1.3
354,faya,SA,18.39,42.45,1570504118,61.81,59.0,64.4,44,0,1.81
355,requena,ES,39.49,-1.1,1570504119,60.85,55.99,64.99,87,0,1.12
356,thunder bay,CA,48.41,-89.26,1570504120,39.54,37.0,41.0,86,5,3.36
357,dyurtyuli,RU,55.49,54.86,1570504122,44.74,44.74,44.74,74,73,12.57
358,kerman,IR,30.29,57.06,1570504123,53.6,53.6,53.6,30,0,4.7
359,faro,PT,37.02,-7.94,1570504124,71.19,68.0,73.0,52,0,3.36
360,mongagua,BR,-24.09,-46.62,1570504125,61.93,60.8,62.6,87,90,6.93
361,agadez,NE,16.97,7.99,1570504127,91.23,91.23,91.23,25,41,9.33
362,jamestown,AU,-33.21,138.6,1570504128,61.31,61.31,61.31,34,25,13.15
363,mumford,GH,5.26,-0.76,1570504129,72.31,72.31,72.31,96,100,3.44
364,matay,EG,28.42,30.79,1570504132,69.67,69.67,69.67,45,0,6.67
365,coihueco,CL,-36.63,-71.83,1570504134,53.31,51.8,55.0,66,82,6.93
366,mahebourg,MU,-20.41,57.7,1570504136,69.39,69.01,69.8,88,75,4.7
367,albany,US,42.65,-73.75,1570503865,53.56,50.0,57.0,93,90,1.3
368,paracuru,BR,-3.41,-39.03,1570504138,78.89,78.8,79.0,74,75,17.22
369,hamilton,CA,43.26,-79.87,1570503981,49.46,42.8,55.4,87,75,4.7
370,minas,UY,-34.38,-55.24,1570504141,57.2,57.2,57.2,87,0,1.72
371,killybegs,IE,54.63,-8.45,1570504142,48.99,48.99,48.99,90,84,7.0
372,bologoye,RU,57.88,34.11,1570504143,32.6,32.6,32.6,88,100,9.93
373,yertsevo,RU,60.8,40.09,1570504144,31.99,31.99,31.99,98,100,10.36
374,greencastle,US,39.64,-86.86,1570504146,50.18,44.6,55.99,81,1,4.29
375,hazorasp,UZ,41.32,61.08,1570504147,51.8,51.8,51.8,66,0,3.87
376,sarkikaraagac,TR,38.08,31.37,1570504148,54.08,54.08,54.08,84,44,10.92
377,lichinga,MZ,-13.3,35.25,1570504150,72.02,72.02,72.02,66,0,4.43
378,windhoek,NA,-22.57,17.08,1570504152,64.0,64.0,64.0,10,0,8.28
379,colombia,CO,3.38,-74.8,1570504153,71.3,71.3,71.3,71,81,6.11
380,anajatuba,BR,-3.26,-44.62,1570504155,75.26,75.26,75.26,90,0,2.82
381,belyy yar,RU,53.6,91.39,1570504156,41.0,41.0,41.0,93,0,2.24
382,sidi ali,DZ,36.1,0.42,1570504158,72.33,72.33,72.33,72,0,14.72
383,dole,FR,47.09,5.49,1570504159,46.99,44.01,50.0,100,0,2.24
384,campoverde,EC,-0.91,-78.62,1570504160,50.0,50.0,50.0,87,75,5.82
385,sao bernardo,BR,-3.36,-42.42,1570504161,75.35,75.35,75.35,86,13,6.73
386,beyneu,KZ,45.32,55.19,1570504163,56.11,56.11,56.11,71,0,10.78
387,tasiilaq,GL,65.61,-37.64,1570504164,37.4,37.4,37.4,49,0,5.82
388,ust-koksa,RU,50.27,85.62,1570504165,47.35,47.35,47.35,44,0,3.06
389,omboue,GA,-1.57,9.26,1570504167,77.48,77.48,77.48,85,97,8.75
390,mitzic,GA,0.78,11.55,1570504169,66.62,66.62,66.62,97,100,1.36
391,rafaela,AR,-31.25,-61.49,1570504170,65.93,64.99,68.0,56,0,1.01
392,harlingen,NL,53.18,5.41,1570504171,54.41,51.01,57.99,100,75,13.87
393,dedza,MW,-14.38,34.33,1570504172,64.25,64.25,64.25,74,0,5.21
394,barreirinhas,BR,-2.75,-42.83,1570504173,76.49,76.49,76.49,85,22,7.54
395,easton,US,38.77,-76.08,1570504175,64.72,59.0,73.0,77,75,12.75
396,braganca,BR,-1.05,-46.77,1570504176,73.73,73.73,73.73,95,22,1.9
397,mbandaka,CD,0.05,18.26,1570504177,68.6,68.6,68.6,99,100,1.54
398,horqueta,PY,-23.34,-57.05,1570504178,70.75,70.75,70.75,68,100,4.36
399,skibbereen,IE,51.55,-9.27,1570504180,51.8,51.8,51.8,93,75,11.41
400,conakry,GN,9.52,-13.7,1570504181,79.76,79.76,79.76,80,65,11.1
401,uruzgan,AF,32.93,66.63,1570504182,51.14,51.14,51.14,35,0,4.07
402,padang,ID,-0.92,100.36,1570503887,78.2,78.2,78.2,86,82,13.22
403,the valley,AI,18.22,-63.06,1570504187,82.99,82.99,82.99,78,10,5.99
404,kuhdasht,IR,33.53,47.61,1570504188,60.8,60.8,60.8,44,20,4.7
405,bure,NG,10.52,10.33,1570504189,70.87,70.87,70.87,92,100,6.55
406,maralal,KE,1.1,36.7,1570504190,60.14,60.14,60.14,80,0,8.68
407,porto nacional,BR,-10.7,-48.41,1570504191,78.8,78.8,78.8,88,20,2.17
408,viedma,AR,-40.81,-62.99,1570504193,54.08,54.08,54.08,35,90,13.51
409,kabwe,ZM,-14.44,28.44,1570504194,68.93,68.93,68.93,51,1,5.57
410,lusambo,CD,-4.97,23.44,1570504195,68.62,68.62,68.62,98,97,4.38
411,dothan,US,31.22,-85.39,1570504002,75.65,71.01,80.6,69,20,3.36
412,nargana,PA,9.44,-78.59,1570504197,78.34,78.34,78.34,84,4,10.04
413,svetlogorsk,RU,53.14,59.15,1570504199,35.6,35.6,35.6,80,40,8.95
414,chicama,PE,-7.84,-79.15,1570504201,60.8,60.8,60.8,87,75,8.05
415,nivala,FI,63.93,24.96,1570504202,33.01,33.01,33.01,93,100,1.99
416,visby,SE,57.64,18.3,1570504203,34.0,33.01,35.6,93,100,5.82
417,koslan,RU,63.46,48.9,1570504205,38.72,38.72,38.72,94,100,12.15
418,hun,BE,50.34,4.87,1570504206,52.39,51.01,53.6,93,75,16.11
419,ichchapuram,IN,19.11,84.69,1570504207,80.79,80.79,80.79,77,84,2.46
420,kazerun,IR,29.62,51.65,1570504208,74.06,74.06,74.06,77,0,3.22
421,roald,NO,62.58,6.12,1570504210,40.23,37.0,44.6,75,100,12.75
422,tabas,IR,33.6,56.92,1570504211,66.2,66.2,66.2,17,0,3.09
423,tvoroyri,FO,61.56,-6.81,1570504213,50.0,50.0,50.0,93,100,17.22
424,kovdor,RU,67.56,30.47,1570504214,31.06,31.06,31.06,98,98,3.42
425,walvis bay,NA,-22.95,14.51,1570504218,52.94,52.94,52.94,91,0,7.65
426,scarborough,GB,54.28,-0.41,1570504219,50.74,48.2,53.6,100,0,4.7
427,shinpokh,PK,34.33,71.18,1570504220,66.2,66.2,66.2,59,5,6.93
428,onguday,RU,50.75,86.14,1570504222,46.72,46.72,46.72,58,36,3.51
429,lodingen,NO,68.41,16.0,1570504223,38.64,33.01,42.8,77,0,16.11
430,adrar,DZ,27.87,-0.29,1570504224,71.6,71.6,71.6,19,0,5.82
431,sangamner,IN,19.57,74.2,1570504225,73.81,73.81,73.81,79,4,3.8
432,vasterhaninge,SE,59.12,18.1,1570504227,35.53,32.0,41.0,100,11,1.12
433,mehriz,IR,31.58,54.44,1570504228,68.0,68.0,68.0,20,20,4.7
434,staraya stanitsa,RU,45.01,41.15,1570504229,47.69,47.69,47.69,82,67,6.73
435,mercedes,UY,-33.25,-58.03,1570504230,63.0,63.0,63.0,75,0,2.46
436,villarrobledo,ES,39.27,-2.6,1570504234,61.21,57.0,64.99,58,46,1.99
437,boras,SE,57.72,12.94,1570504235,38.5,32.0,42.01,87,75,9.17
438,maiduguri,NG,11.84,13.15,1570504236,77.57,77.57,77.57,75,100,3.44
439,malabo,CD,1.56,30.43,1570504237,67.54,67.54,67.54,78,100,1.32
440,birjand,IR,32.86,59.22,1570504238,53.6,53.6,53.6,37,0,4.7
441,jurm,AF,36.86,70.83,1570504240,58.06,58.06,58.06,30,46,10.87
442,bafq,IR,31.6,55.4,1570504242,62.29,62.29,62.29,25,18,3.22
443,dzaoudzi,YT,-12.79,45.27,1570504243,77.0,77.0,77.0,88,0,3.36
444,jacareacanga,BR,-6.22,-57.76,1570504244,74.89,74.89,74.89,80,51,1.48
445,la rioja,AR,-29.41,-66.86,1570504246,57.14,57.14,57.14,55,8,1.5
446,harper,US,30.3,-99.24,1570504247,66.78,63.0,69.8,56,1,7.94
447,bondoukou,CI,8.04,-2.8,1570504248,70.44,70.44,70.44,99,100,5.39
448,konongo,GH,6.62,-1.21,1570504249,70.15,70.15,70.15,99,100,2.82
449,temir,KZ,49.14,57.13,1570504251,50.69,50.69,50.69,66,52,8.61
450,chimbote,PE,-9.08,-78.59,1570504252,59.86,59.86,59.86,92,43,10.92
451,khislavichi,RU,54.19,32.16,1570504253,27.94,27.94,27.94,95,0,6.24
452,trelew,AR,-43.25,-65.31,1570504254,52.13,52.13,52.13,38,0,22.35
453,soure,PT,40.06,-8.63,1570504255,61.3,55.99,64.4,100,90,9.17
454,marienburg,DE,52.12,9.98,1570504257,51.3,48.99,53.6,81,75,5.82
455,matara,BI,-3.48,29.48,1570504258,50.87,50.87,50.87,76,100,1.74
456,krasnoshchekovo,RU,51.67,82.73,1570504259,54.76,54.76,54.76,73,0,7.94
457,pechenga,RU,58.89,41.46,1570504260,33.0,33.0,33.0,96,100,12.19
458,yar-sale,RU,66.83,70.83,1570504261,32.68,32.68,32.68,79,100,2.08
459,mehamn,NO,71.03,27.85,1570504263,37.4,37.4,37.4,74,75,6.93
460,cap malheureux,MU,-19.98,57.61,1570504264,69.12,68.0,69.8,88,75,4.7
461,aasiaat,GL,68.71,-52.87,1570504265,32.5,32.5,32.5,67,13,16.11
462,montauban,FR,44.02,1.35,1570504266,54.14,46.99,62.01,71,0,2.24
463,iquitos,PE,-3.75,-73.25,1570504269,71.6,71.6,71.6,94,75,3.36
464,gamba,CN,28.28,88.52,1570504058,34.84,34.84,34.84,55,0,5.1
465,rio verde de mato grosso,BR,-18.92,-54.84,1570504271,73.05,73.05,73.05,67,0,4.74
466,stephenville,CA,48.55,-58.59,1570504272,51.26,51.01,51.8,100,90,3.36
467,sharjah,AE,25.36,55.39,1570504273,82.78,77.0,86.0,70,0,9.17
468,san juan,AR,-31.54,-68.53,1570504276,54.8,54.8,54.8,35,0,2.51
469,sao paulo de olivenca,BR,-3.38,-68.87,1570504277,73.7,73.7,73.7,97,100,2.51
470,chapais,CA,49.78,-74.86,1570504106,42.8,42.8,42.8,93,90,4.7
471,san cristobal,HN,14.68,-86.92,1570504107,67.79,67.79,67.79,92,100,1.52
472,msanga,TZ,-6.04,36.03,1570504280,64.4,64.4,64.4,100,20,8.05
473,dubovskoye,RU,47.41,42.76,1570504282,44.86,44.86,44.86,62,100,13.73
474,podgornoye,RU,57.79,82.64,1570504283,49.09,49.09,49.09,84,73,3.94
475,lowestoft,GB,52.48,1.75,1570504284,55.27,53.01,57.99,100,92,4.7
476,shahreza,IR,32.01,51.87,1570504285,49.38,49.38,49.38,54,0,1.59
477,axim,GH,4.87,-2.24,1570504286,77.1,77.1,77.1,86,88,10.85
478,qobustan,AZ,40.08,49.41,1570504263,55.4,55.4,55.4,87,40,3.36
479,masunga,BW,-20.62,27.45,1570504290,66.79,66.79,66.79,23,0,8.3
480,afua,NG,5.27,7.87,1570504291,71.88,71.88,71.88,97,95,0.72
481,mazamari,PE,-11.33,-74.53,1570504293,42.04,42.04,42.04,98,99,2.95
482,palmeira das missoes,BR,-27.9,-53.31,1570504295,58.61,58.61,58.61,81,100,4.5
483,urucara,BR,-2.54,-57.76,1570504296,74.78,74.78,74.78,87,96,2.95
484,sidvokodvo,SZ,-26.63,31.42,1570504297,69.8,66.2,73.4,68,0,12.75
485,baglung,NP,28.27,83.59,1570504298,57.8,57.8,57.8,66,0,3.51
486,yabrud,SY,33.97,36.66,1570504300,61.39,55.4,64.99,50,0,6.93
487,santa rosa,AR,-36.62,-64.29,1570504145,48.44,48.44,48.44,41,0,4.88
488,tevriz,RU,57.51,72.4,1570504302,46.97,46.97,46.97,84,0,2.59
489,aksarka,RU,66.56,67.8,1570504303,31.42,31.42,31.42,79,98,4.5
490,mkushi,ZM,-13.61,29.4,1570504304,65.15,65.15,65.15,61,0,5.06
491,constitucion,MX,23.99,-104.67,1570504306,64.62,60.8,68.0,44,20,6.93
492,turinsk,RU,58.04,63.7,1570504307,44.39,44.39,44.39,88,0,8.1
493,manaus,BR,-3.13,-59.98,1570504308,76.06,75.2,77.0,88,20,2.24
494,mbekenyera,TZ,-10.0,38.98,1570504309,67.15,67.15,67.15,95,0,0.56
495,stepnogorsk,KZ,52.35,71.88,1570504310,53.57,53.57,53.57,68,0,8.23
496,zonguldak,TR,41.25,31.83,1570504312,62.97,62.97,62.97,77,100,16.22
497,clyde river,CA,70.47,-68.59,1570504313,30.2,30.2,30.2,100,90,5.82
498,burgeo,CA,47.61,-57.61,1570504314,53.16,53.16,53.16,90,100,27.16
499,colquiri,BO,-17.42,-67.13,1570504315,42.63,42.63,42.63,35,0,5.68
500,nagua,DO,19.37,-69.85,1570504317,75.26,75.26,75.26,94,100,3.4
501,sao miguel do araguaia,BR,-13.28,-50.16,1570504112,80.61,80.61,80.61,56,0,2.66
502,dospat,BG,41.65,24.16,1570504319,39.68,39.68,39.68,95,100,3.09
503,fowa,NG,8.92,6.4,1570504320,72.98,72.98,72.98,95,100,1.81
504,fulton,US,38.85,-91.95,1570504320,52.47,46.0,59.0,58,1,3.98
505,portsmouth,GB,50.8,-1.08,1570504324,55.9,54.0,57.99,87,32,12.75
506,teguldet,RU,57.31,88.17,1570504325,46.46,46.46,46.46,85,93,3.47
507,shelburne,CA,44.08,-80.2,1570504326,45.19,41.0,48.0,93,1,4.7
508,kabinda,CD,-6.14,24.49,1570504329,67.99,67.99,67.99,96,79,1.54
509,punta alta,AR,-27.46,-55.82,1570504330,69.8,69.8,69.8,68,0,4.7
510,beira,ES,43.2,-8.36,1570504331,65.39,62.01,68.0,88,90,9.17
511,capao da canoa,BR,-29.75,-50.01,1570504225,60.04,60.04,60.04,96,67,2.53
512,bonthe,SL,7.53,-12.5,1570504333,77.28,77.28,77.28,88,96,8.55
513,maxixe,MZ,-23.86,35.35,1570504335,67.02,67.02,67.02,92,0,6.87
514,nunoa,PE,-14.48,-70.64,1570504336,34.91,34.91,34.91,27,0,2.08
515,vestmanna,FO,62.16,-7.17,1570504337,50.0,50.0,50.0,93,64,17.22
516,abu dhabi,AE,24.47,54.37,1570504338,85.06,84.2,86.0,55,0,8.05
517,mount vernon,US,38.73,-77.1,1570504339,61.88,59.0,64.99,72,90,4.7
518,bloemhof,ZA,-27.65,25.61,1570504341,44.41,44.41,44.41,33,0,4.61
519,murmansk,RU,68.97,33.08,1570504342,33.8,33.8,33.8,89,75,2.24
520,seydi,NE,13.34,7.75,1570504343,81.56,81.56,81.56,60,99,6.22
521,biltine,TD,14.53,20.93,1570504344,80.39,80.39,80.39,63,86,0.76
522,maldonado,UY,-34.91,-54.96,1570504166,57.2,57.2,57.2,87,0,8.77
523,sambava,MG,-14.27,50.17,1570504073,67.38,67.38,67.38,92,22,3.38
524,lasa,CY,34.92,32.53,1570504348,66.2,66.2,66.2,68,20,10.29
525,polovinnoye,RU,54.79,65.99,1570504349,47.98,47.98,47.98,73,0,5.82
526,solano,CO,0.7,-75.25,1570504350,72.26,72.26,72.26,92,100,0.54
527,oistins,BB,13.07,-59.53,1570504351,80.6,80.6,80.6,83,75,25.28
528,uyutne,UA,45.2,33.3,1570504353,45.87,45.87,45.87,56,92,12.8
529,mashhad,IR,36.3,59.61,1570504342,59.0,59.0,59.0,44,0,6.93
530,murgab,TM,37.5,61.97,1570504355,62.6,62.6,62.6,42,0,6.93
531,vierzon,FR,47.22,2.07,1570504144,57.29,55.4,59.0,72,90,9.17
532,tessalit,ML,20.2,1.01,1570504358,83.83,83.83,83.83,12,25,8.66
533,sao filipe,CV,14.9,-24.5,1570504360,77.98,77.98,77.98,83,100,10.8
534,grootfontein,NA,-19.56,18.1,1570504361,66.41,66.41,66.41,7,8,10.92
535,kasongo-lunda,CD,-6.48,16.82,1570504362,64.68,64.68,64.68,98,80,1.34
536,victoria,BN,5.28,115.24,1570504363,83.14,82.0,84.2,79,75,3.36
537,acari,BR,-6.44,-36.64,1570504365,72.08,72.08,72.08,75,0,15.57
538,kutum,SD,14.2,24.66,1570504366,72.98,72.98,72.98,67,45,1.79
539,fereydun kenar,IR,36.69,52.52,1570504368,70.83,69.8,71.6,88,40,8.57
540,doaba,PK,33.42,70.74,1570504369,67.43,67.43,67.43,40,0,1.25
541,rocha,UY,-34.48,-54.34,1570504195,51.85,51.85,51.85,85,31,7.65
542,moa,CU,20.66,-74.95,1570504372,72.17,72.17,72.17,95,100,2.93
543,puerto del rosario,ES,28.5,-13.86,1570504373,70.57,69.8,71.6,83,90,12.75
544,satinka,RU,52.38,41.68,1570504374,33.94,33.94,33.94,95,100,8.5
545,san antonio,CL,-33.58,-71.61,1570504231,53.6,53.6,53.6,87,0,2.24
546,bosilegrad,RS,42.5,22.47,1570504370,39.8,39.8,39.8,76,63,4.29
547,nchelenge,ZM,-9.35,28.74,1570504378,73.97,73.97,73.97,55,100,5.77
548,cabedelo,BR,-6.97,-34.84,1570504379,77.0,77.0,77.0,73,0,5.82
549,humaita,AR,-24.93,-65.37,1570504380,64.81,57.2,68.0,50,0,2.24
550,mweka,CD,-4.85,21.56,1570504382,70.13,70.13,70.13,98,100,3.13
551,grindavik,IS,63.84,-22.43,1570504384,48.2,48.2,48.2,81,75,12.75
552,leh,IN,34.16,77.58,1570504385,28.41,28.41,28.41,54,0,1.32
553,bol,TD,13.47,14.72,1570504386,81.29,81.29,81.29,67,100,3.67
554,waynesville,US,37.83,-92.2,1570504387,50.95,46.0,55.0,76,1,3.98
555,meghri,AM,38.9,46.25,1570504388,49.0,49.0,49.0,59,0,1.48
556,grosseto,IT,42.76,11.11,1570504390,59.61,52.0,64.99,54,0,9.17
557,japura,ID,-0.42,102.29,1570504391,85.52,85.52,85.52,65,46,3.02
558,niteroi,BR,-29.95,-51.16,1570504392,62.92,57.99,66.2,93,0,4.7
559,perpignan,FR,42.7,2.88,1570504393,55.42,50.0,59.0,58,75,4.7
560,nuevitas,CU,21.55,-77.27,1570504395,77.0,77.0,77.0,100,100,2.24
561,bayonet point,US,28.33,-82.68,1570504396,74.5,73.0,75.99,94,75,8.05
562,obo,CF,5.39,26.49,1570504397,67.72,67.72,67.72,98,100,3.51
563,richards bay,ZA,-28.77,32.06,1570504124,70.21,70.21,70.21,83,99,31.0
564,vondrozo,MG,-22.82,47.32,1570504400,59.8,59.8,59.8,96,9,1.97
565,siyabuswa,ZA,-25.11,29.06,1570504402,68.17,68.17,68.17,30,52,4.09
566,margate,AU,-43.03,147.26,1570504403,53.78,51.8,57.0,53,40,19.46
567,izazi,TZ,-7.24,35.72,1570504404,60.8,60.8,60.8,77,5,4.47
568,abu kamal,SY,34.45,40.92,1570504139,64.84,64.84,64.84,56,0,3.74
569,mortka,RU,59.33,66.02,1570504407,42.61,42.61,42.61,92,1,6.04
570,songea,TZ,-10.68,35.65,1570504409,66.2,66.2,66.2,82,40,9.17
571,independencia,MX,20.06,-97.05,1570504410,64.41,64.41,64.41,94,100,3.65
572,onega,RU,63.91,38.09,1570504411,36.13,36.13,36.13,96,100,17.69
573,conceicao da barra,BR,-18.59,-39.73,1570504416,71.34,71.34,71.34,93,0,3.58
574,sesheke,NA,-17.47,24.29,1570504417,67.54,67.54,67.54,39,0,5.86
575,loralai,PK,30.37,68.6,1570504418,66.34,66.34,66.34,27,0,15.14
576,piacabucu,BR,-10.41,-36.43,1570504419,75.08,75.08,75.08,85,12,11.83
577,kobyzhcha,UA,50.83,31.5,1570504421,28.4,28.4,28.4,86,0,4.47
578,lukovetskiy,RU,64.29,41.92,1570504423,33.8,33.8,33.8,100,90,13.42
579,mrakovo,BA,43.97,18.28,1570504425,47.3,46.4,48.2,76,75,3.36
580,patan,NP,27.67,85.33,1570504427,68.0,68.0,68.0,94,75,2.66
581,kilimatinde,TZ,-5.75,34.82,1570504428,62.12,62.12,62.12,84,83,8.93
582,nieuw amsterdam,SR,5.88,-55.08,1570504429,79.88,79.0,80.6,83,20,9.17
583,san matias,BO,-16.36,-58.4,1570504430,72.56,72.56,72.56,72,11,5.5
584,barsovo,RU,61.17,73.17,1570504431,39.2,39.2,39.2,80,0,6.71
585,kosh-agach,RU,49.99,88.66,1570504433,43.28,43.28,43.28,37,0,1.16
586,ardatov,RU,55.24,43.1,1570504434,31.83,31.83,31.83,85,77,10.56
587,carnarvon,ZA,-30.97,22.13,1570504182,47.81,47.81,47.81,61,100,1.77
588,staryy nadym,RU,65.61,72.68,1570504436,33.14,33.14,33.14,84,100,1.74
589,umea,SE,63.83,20.26,1570504372,37.4,37.4,37.4,86,90,5.82
590,barmer,IN,25.74,71.4,1570504439,83.08,83.08,83.08,38,0,6.33
591,boddam,GB,57.47,-1.78,1570504440,44.67,43.0,46.99,93,91,3.36
592,kuyanovo,RU,56.95,86.47,1570504441,48.21,48.21,48.21,82,85,4.27
593,kangaatsiaq,GL,68.31,-53.46,1570504442,33.27,33.27,33.27,60,4,14.38
594,snezhnogorsk,RU,69.19,33.23,1570504443,33.8,33.8,33.8,78,75,2.24
595,qaqortoq,GL,60.72,-46.03,1570504446,37.4,37.4,37.4,74,98,3.36
596,aquiraz,BR,-3.9,-38.39,1570504448,78.93,78.8,79.0,69,40,14.99
597,tabat,ID,-2.64,115.23,1570504449,95.48,95.48,95.48,36,9,3.53
598,torrijos,ES,39.98,-4.28,1570504450,61.79,57.0,69.01,51,34,5.39
599,ostrovnoy,RU,68.05,39.51,1570504452,35.86,35.86,35.86,81,100,19.48
600,kryve ozero,UA,47.95,30.35,1570504453,34.67,34.67,34.67,63,57,5.12
601,veraval,FR,49.65,0.71,1570504455,56.98,55.4,57.99,100,100,12.75
602,morros,BR,-2.87,-44.04,1570504200,80.6,80.6,80.6,78,0,12.75
603,jacqueville,CI,5.21,-4.42,1570504458,77.0,77.0,77.0,94,20,8.05
604,chegutu,ZW,-18.13,30.15,1570504459,67.63,67.63,67.63,52,0,7.38
605,mbanza-ngungu,CD,-5.25,14.87,1570504460,71.21,71.21,71.21,92,88,1.59
606,micheweni,TZ,-4.97,39.83,1570504461,77.55,77.55,77.55,83,38,15.97
607,mahon,IE,51.89,-8.4,1570504462,52.29,51.8,53.01,93,75,11.41
608,bolshaya dzhalga,RU,45.97,42.7,1570504464,48.73,48.73,48.73,61,100,12.68
609,gazanjyk,TM,39.24,55.52,1570504465,64.37,64.37,64.37,76,0,13.85
610,trinidad,BO,-14.83,-64.9,1570504466,68.48,68.48,68.48,86,100,3.29
611,bandar-e lengeh,IR,26.56,54.88,1570504470,86.0,86.0,86.0,79,20,6.93
612,kulhudhuffushi,MV,6.62,73.07,1570504472,82.41,82.41,82.41,72,0,7.05
613,dhidhdhoo,MV,6.88,73.1,1570504474,82.66,82.66,82.66,71,68,6.55
614,caconda,AO,-13.73,15.06,1570504475,63.89,63.89,63.89,80,89,2.77
615,nouakchott,MR,18.08,-15.98,1570504477,80.6,80.6,80.6,88,0,10.29
616,sirari,KE,-1.25,34.48,1570504478,63.28,63.28,63.28,72,93,3.31
617,tiznit,MA,29.7,-9.73,1570504479,67.79,67.79,67.79,82,0,7.99
618,mahuva,IN,21.09,71.76,1570504480,82.45,82.45,82.45,64,0,8.48
619,keuruu,FI,62.26,24.71,1570504481,34.81,32.0,36.0,100,75,3.36
620,ashqelon,IL,31.67,34.57,1570504206,66.34,61.0,71.01,77,0,2.24
621,aguimes,ES,27.91,-15.45,1570504484,70.5,69.01,71.6,78,75,19.46
622,damnagar,IN,21.7,71.52,1570504485,81.42,81.42,81.42,63,0,8.88
623,la paz,MX,24.15,-110.32,1570504284,86.0,86.0,86.0,51,5,4.79
624,la baule-escoublac,FR,47.28,-2.4,1570504487,61.93,60.01,64.4,93,90,18.34
625,port elizabeth,US,39.31,-74.98,1570504489,65.66,59.0,71.6,78,90,9.17
626,andijon,UZ,40.76,72.37,1570504490,62.87,59.0,68.0,59,0,4.47
627,port alfred,ZA,-33.59,26.89,1570504491,59.0,59.0,59.0,81,7,1.99
628,sawakin,SD,19.1,37.33,1570504493,86.0,86.0,86.0,70,0,3.36
629,lesnoy,RU,59.78,52.13,1570504495,45.1,45.1,45.1,91,100,11.95
630,ponta delgada,PT,37.73,-25.67,1570504496,67.77,66.0,71.01,93,40,16.11
631,sezze,IT,41.5,13.06,1570504497,54.3,51.01,57.99,62,0,10.29
632,sokoni,CD,-12.89,28.78,1570504498,66.34,66.34,66.34,58,0,8.19
633,farah,AF,32.37,62.11,1570504499,75.52,75.52,75.52,24,7,5.66
634,findlay,US,41.04,-83.65,1570504290,52.38,48.0,55.99,66,1,4.32
635,kanniyakumari,IN,8.08,77.57,1570504502,80.97,80.97,80.97,77,29,14.52
636,archidona,EC,-0.91,-77.81,1570504503,61.26,61.26,61.26,93,100,3.42
637,vangaindrano,MG,-23.35,47.6,1570504506,66.59,66.59,66.59,89,42,2.42
638,lodja,CD,-3.52,23.6,1570504507,68.08,68.08,68.08,99,71,2.91
639,floro,NO,61.6,5.03,1570504508,44.31,42.8,45.0,87,100,20.8
640,malpe,IN,13.35,74.72,1570504509,78.8,78.8,78.8,88,40,3.36
641,dhariwal,IN,31.95,75.32,1570504510,69.8,69.8,69.8,88,0,0.38
642,thompson,CA,55.74,-97.86,1570504512,50.0,50.0,50.0,66,75,5.82
643,kampene,CD,-3.59,26.67,1570504513,67.72,67.72,67.72,96,100,2.01
644,talnakh,RU,69.49,88.39,1570504514,23.0,23.0,23.0,100,75,6.71
645,podor,MR,16.65,-14.96,1570504515,82.01,82.01,82.01,73,48,12.39
646,havoysund,NO,71.0,24.66,1570504516,33.8,33.8,33.8,78,20,20.8
647,trogir,HR,43.52,16.25,1570504518,54.79,48.0,59.0,44,0,10.29
648,chistogorskiy,RU,53.98,87.38,1570504519,52.91,52.91,52.91,81,0,2.59
649,treinta y tres,UY,-33.23,-54.39,1570504520,57.16,57.16,57.16,91,0,6.4
650,shakhovskaya,RU,56.03,35.51,1570504521,28.68,28.68,28.68,88,69,9.46
651,saint anthony,US,43.97,-111.68,1570504360,44.28,37.4,48.2,64,1,6.93
652,alakurtti,RU,66.96,30.34,1570504524,27.0,27.0,27.0,94,80,3.0
653,tarumovka,RU,44.07,46.54,1570504525,53.93,53.93,53.93,69,30,13.65
654,san luis,AR,-33.3,-66.34,1570504436,62.56,62.56,62.56,26,0,25.79
655,gazojak,TM,41.19,61.4,1570504527,62.34,62.34,62.34,27,0,3.87
656,garavuti,TJ,37.57,68.45,1570504529,59.0,59.0,59.0,72,75,2.24
657,aljezur,PT,37.31,-8.8,1570504530,72.48,72.0,73.0,43,100,15.39
658,lalibela,ET,12.04,39.05,1570504531,54.76,54.76,54.76,73,22,5.3
659,rio grande,BR,-32.03,-52.1,1570504532,57.99,57.99,57.99,96,0,3.11
660,panchagarh,BD,26.33,88.56,1570504534,81.19,81.19,81.19,72,6,3.0
661,teguise,ES,29.06,-13.56,1570504535,69.8,69.8,69.8,83,0,8.05
662,crateus,BR,-5.18,-40.68,1570504536,73.46,73.46,73.46,62,0,7.63
663,takab,IR,36.4,47.11,1570504537,37.55,37.55,37.55,69,0,1.74
664,sur,OM,22.57,59.53,1570504538,78.72,78.72,78.72,73,0,3.09
665,vikersund,NO,59.97,9.99,1570504540,34.2,30.2,37.99,92,0,2.24
666,najran,SA,17.54,44.22,1570504541,75.2,75.2,75.2,29,40,3.83
667,pangoa,PE,-12.12,-73.0,1570504543,64.12,64.12,64.12,99,50,1.97
668,maniitsoq,GL,65.42,-52.9,1570504544,36.1,36.1,36.1,39,9,4.7
669,camacupa,AO,-12.02,17.48,1570504547,61.37,61.37,61.37,78,79,4.56
670,ordzhonikidze,UA,44.96,35.36,1570504548,46.43,46.43,46.43,89,100,9.15
671,minsk,BY,53.9,27.56,1570504401,33.8,33.8,33.8,100,90,4.47
672,port shepstone,ZA,-30.74,30.45,1570504550,57.98,57.98,57.98,80,0,8.84
673,maku,IR,39.29,44.45,1570504552,57.2,57.2,57.2,58,0,3.29
674,necochea,AR,-38.55,-58.74,1570504553,44.74,44.74,44.74,55,0,8.21
675,moba,CD,-7.04,29.77,1570504554,66.41,66.41,66.41,50,100,5.17
676,dekar,BW,-21.53,21.93,1570504555,63.94,63.94,63.94,27,0,9.93
677,muli,CN,28.08,109.56,1570504558,63.53,63.53,63.53,62,100,6.49
678,vitina,GR,41.43,24.76,1570504559,57.04,55.99,57.99,87,90,9.17
679,parrita,CR,9.52,-84.33,1570504560,68.9,66.99,71.01,94,75,3.36
680,el tocuyo,VE,9.79,-69.8,1570504561,71.34,71.34,71.34,81,3,4.09
681,induno olona,IT,45.85,8.84,1570504563,52.97,48.99,57.0,100,40,4.7
682,puerto el triunfo,SV,13.27,-88.55,1570504564,78.8,78.8,78.8,88,20,4.7
683,san agustin,VE,10.2,-63.54,1570504565,65.02,65.02,65.02,95,1,3.02
684,andilamena,MG,-17.01,48.57,1570504566,62.74,62.74,62.74,82,98,10.51
685,golkoy,TR,40.69,37.62,1570504567,62.6,62.6,62.6,88,75,6.93
686,rosetta,EG,31.4,30.42,1570504569,68.0,68.0,68.0,82,0,3.36
687,dalvik,SE,57.79,14.13,1570504570,32.0,32.0,32.0,86,100,3.36
688,thinadhoo,MV,0.53,72.93,1570504571,81.55,81.55,81.55,79,100,13.35
689,kalat,PK,29.03,66.58,1570504572,60.45,60.45,60.45,34,0,3.67
690,cidreira,BR,-30.17,-50.22,1570504574,60.99,60.99,60.99,93,0,5.12
691,mitsamiouli,KM,-11.38,43.28,1570504575,78.8,78.8,78.8,69,20,16.11
692,bodden town,KY,19.28,-81.25,1570504576,83.53,82.99,84.2,83,20,7.61
693,husavik,CA,50.56,-96.99,1570504577,53.85,52.0,55.99,51,0,3.0
694,awjilah,LY,29.14,21.3,1570504579,70.58,70.58,70.58,39,98,11.99
695,bahir dar,ET,11.59,37.39,1570504580,53.02,53.02,53.02,87,43,1.5
696,khagaria,IN,25.51,86.48,1570504581,82.63,82.63,82.63,62,78,2.21
697,abancay,PE,-13.64,-72.88,1570504582,49.9,49.9,49.9,87,79,4.79
698,rundu,NA,-17.91,19.77,1570504584,65.98,65.98,65.98,29,47,4.85
699,yokadouma,CM,3.52,15.05,1570504585,68.23,68.23,68.23,99,100,5.06
700,qadirpur ran,PK,30.29,71.67,1570504586,71.6,71.6,71.6,73,0,5.01
701,kabompo,ZM,-13.6,24.21,1570504587,61.37,61.37,61.37,60,51,0.54
702,hornslet,DK,56.32,10.32,1570504588,46.09,44.01,50.0,76,100,5.82
703,salvador,BR,-12.98,-38.48,1570504528,78.8,78.8,78.8,83,75,11.41
704,emba,CY,34.81,32.42,1570504591,66.2,66.2,66.2,68,20,10.29
705,ratne,UA,51.67,24.52,1570504592,32.0,32.0,32.0,92,0,4.47
706,ylivieska,FI,64.07,24.53,1570504593,36.37,33.01,37.99,93,64,1.99
707,beauvais,FR,49.44,2.09,1570504595,55.63,54.0,57.0,93,100,5.82
708,suez,EG,29.97,32.54,1570504596,66.23,66.23,66.23,85,54,5.41
709,chapleau,CA,47.85,-83.4,1570504597,38.99,38.99,38.99,96,0,6.24
710,guane,CU,22.2,-84.09,1570504598,82.03,82.03,82.03,81,100,13.04
711,bredasdorp,ZA,-34.53,20.04,1570504575,52.9,46.4,57.0,87,3,2.24
712,salinopolis,BR,-0.61,-47.36,1570504602,81.49,81.49,81.49,80,1,17.09
713,mandera,ET,3.94,41.86,1570504603,77.59,77.59,77.59,67,96,6.76
714,tanout,NE,14.97,8.88,1570504604,85.9,85.9,85.9,42,100,14.47
715,kuusamo,FI,65.96,29.19,1570504605,32.0,32.0,32.0,98,90,4.7
716,fort wellington,GY,6.4,-57.6,1570504607,76.36,76.36,76.36,92,9,2.71
717,nouadhibou,MR,20.93,-17.03,1570504608,78.8,78.8,78.8,44,0,14.99
718,lyubar,UA,49.92,27.76,1570504609,31.18,31.18,31.18,88,2,7.56
719,ancud,CL,-41.87,-73.83,1570504610,39.2,39.2,39.2,93,0,2.24
720,coquimbo,CL,-29.95,-71.34,1570504611,55.4,55.4,55.4,82,0,2.24
721,mana,NG,13.03,5.27,1570504613,78.76,78.76,78.76,69,100,9.55
722,puerto ayora,EC,-0.74,-90.35,1570504614,66.0,66.0,66.0,92,18,3.0
723,itarema,BR,-2.92,-39.92,1570504615,74.72,74.72,74.72,81,0,8.48
724,zaysan,KZ,47.47,84.87,1570504616,60.52,60.52,60.52,23,0,1.52
725,yushala,RU,57.08,64.26,1570504618,48.2,48.2,48.2,70,0,11.18
726,east london,ZA,-33.02,27.91,1570504619,57.2,57.2,57.2,82,0,6.93
727,jacmel,HT,18.24,-72.54,1570504620,82.4,82.4,82.4,78,82,13.87
728,la macarena,CO,2.18,-73.79,1570504622,71.45,71.45,71.45,98,100,1.59
729,sarakhs,TM,36.54,61.16,1570504624,68.0,68.0,68.0,30,0,4.7
730,balkanabat,TM,39.51,54.36,1570504625,63.64,63.64,63.64,69,0,6.89
731,saint-joseph,FR,43.56,6.97,1570504626,53.35,43.0,61.0,76,0,3.36
732,samarkand,UZ,39.65,66.98,1570504627,60.8,60.8,60.8,55,0,4.03
733,pemba,MZ,-12.97,40.52,1570504628,73.4,73.4,73.4,100,20,4.7
734,uray,RU,60.13,64.8,1570504630,43.28,43.28,43.28,86,7,8.43
735,wloszczowa,PL,50.85,19.97,1570504632,32.79,30.0,37.0,84,66,7.25
736,guiglo,CI,6.55,-7.5,1570504634,70.8,70.8,70.8,99,100,1.59
737,karaton,ID,-6.34,106.1,1570504636,90.23,87.8,93.99,52,20,4.7
738,sandwick,GB,54.57,-2.89,1570504637,52.29,48.0,57.99,93,23,20.8
739,irondequoit,US,43.21,-77.58,1570504638,52.34,48.99,55.99,87,75,4.7
740,narsaq,GL,60.91,-46.05,1570504639,37.4,37.4,37.4,74,98,3.36
741,ilovka,RU,56.89,86.82,1570504640,48.62,48.62,48.62,84,69,3.27
742,kongolo,CD,-5.39,27.0,1570504642,69.18,69.18,69.18,84,99,2.44
743,naryan-mar,RU,67.67,53.09,1570504644,32.06,32.06,32.06,83,95,13.24
744,phalaborwa,ZA,-23.95,31.14,1570504645,75.2,75.2,75.2,33,59,4.7
745,malinovoye ozero,RU,51.68,79.77,1570504647,56.71,56.71,56.71,71,0,8.05
746,chaykovskaya,RU,58.13,55.54,1570504648,53.6,53.6,53.6,71,40,22.37
747,zabol,IR,31.03,61.49,1570504445,68.0,68.0,68.0,37,0,4.7
748,dzemul,MX,21.21,-89.31,1570504650,81.52,80.6,82.99,83,5,5.82
749,ranchpar,AM,40.03,44.37,1570504651,51.8,51.8,51.8,76,0,1.12
750,upata,VE,8.02,-62.41,1570504652,71.39,71.39,71.39,95,56,3.2
751,libertador general san martin,AR,-23.81,-64.79,1570504654,61.17,61.17,61.17,60,0,2.8
752,kovur,IN,14.5,79.99,1570504655,84.53,84.53,84.53,63,35,3.67
753,farafangana,MG,-22.82,47.83,1570504656,66.73,66.73,66.73,87,56,2.04
754,lieto,FI,60.5,22.46,1570504657,35.74,30.99,42.01,100,90,1.12
755,pompeu,BR,-21.05,-48.85,1570504659,77.0,77.0,77.0,61,0,14.99
756,carai,BR,-17.19,-41.69,1570504660,69.56,69.56,69.56,84,0,4.14
757,alice town,BS,25.72,-79.3,1570504661,80.29,80.29,80.29,83,100,27.67
758,eyl,SO,7.98,49.82,1570504662,76.79,76.79,76.79,79,14,6.51
759,pohrebyshche,UA,49.49,29.26,1570504663,30.2,30.2,30.2,92,0,4.47
760,lyskovo,RU,56.03,45.04,1570504665,34.0,34.0,34.0,86,58,14.14
761,amapa,HN,15.09,-87.97,1570504666,78.33,78.01,78.8,94,75,5.82
762,ust-tsilma,RU,65.44,52.15,1570504667,34.04,34.04,34.04,92,100,10.13
763,kholm,AF,36.69,67.7,1570504668,73.17,73.0,73.4,16,40,2.24
764,sargatskoye,RU,55.6,73.49,1570504670,50.5,50.5,50.5,73,0,1.74
765,imbituba,BR,-28.24,-48.67,1570504671,66.2,66.2,66.2,88,40,10.29
766,inhambane,MZ,-23.87,35.38,1570504672,73.4,73.4,73.4,94,40,9.17
767,amangarh,PK,34.01,71.93,1570504673,71.6,71.6,71.6,56,5,4.7
768,takoradi,GH,4.89,-1.75,1570504674,74.13,74.13,74.13,91,84,5.23
769,saint-philippe,CA,45.36,-73.48,1570504676,55.51,53.01,57.99,82,90,13.87
770,hithadhoo,MV,-0.6,73.08,1570504380,81.73,81.73,81.73,75,100,15.73
771,hit,IQ,33.64,42.83,1570504678,69.58,69.58,69.58,48,0,5.28
772,changji,CN,32.07,116.17,1570504679,64.73,64.73,64.73,61,99,3.33
773,doka,SD,13.52,35.76,1570504680,74.35,74.35,74.35,86,3,5.21
774,oktyabrskiy,RU,55.61,37.97,1570504682,31.75,30.0,34.0,88,75,8.95
775,great malvern,GB,52.11,-2.33,1570504683,50.92,48.99,53.01,93,1,6.93
776,coleraine,AU,-37.6,141.69,1570504684,54.4,54.4,54.4,58,16,13.85
777,corinto,CO,3.17,-76.26,1570504685,71.6,71.6,71.6,78,20,5.82
778,port said,EG,25.34,30.55,1570504687,73.0,73.0,73.0,37,0,5.73
779,penzance,GB,50.12,-5.53,1570504688,56.61,55.0,57.99,100,20,9.17
780,schruns,AT,47.08,9.92,1570504690,41.52,30.99,48.0,100,0,2.24
781,kalengwa,ZM,-13.47,25.0,1570504691,61.01,61.01,61.01,61,50,1.16
782,diu,IN,20.71,70.98,1570504693,80.81,80.81,80.81,69,0,7.7
783,botwood,CA,49.14,-55.34,1570504694,55.15,55.0,55.4,93,90,9.17
784,storforshei,NO,66.4,14.52,1570504695,28.19,28.19,28.19,86,57,5.97
785,ronneby,SE,56.21,15.28,1570504696,32.05,30.2,33.01,100,100,3.36
786,junagarh,IN,19.86,82.94,1570504697,78.7,78.7,78.7,80,23,3.74
787,las palmas,CO,9.27,-75.33,1570504699,76.72,76.72,76.72,90,69,3.33
788,tsilna,RU,54.59,48.14,1570504700,39.2,39.2,39.2,64,90,11.18
789,morant bay,JM,17.88,-76.41,1570504701,71.3,71.3,71.3,97,100,2.57
790,bauta,CU,22.98,-82.55,1570504702,75.09,75.0,75.2,100,75,3.36
791,hajnowka,PL,52.74,23.58,1570504703,35.35,34.0,37.0,85,39,1.01
792,libano,IT,46.15,12.16,1570504705,46.83,34.0,57.2,71,64,2.24
793,caraballeda,VE,10.61,-66.85,1570504706,74.98,72.0,78.8,74,20,4.7
794,manono,CD,-7.3,27.4,1570504707,71.88,71.88,71.88,67,93,1.54
795,sendenhorst,DE,51.84,7.83,1570504708,52.48,50.0,54.0,93,75,9.17
796,sarh,TD,9.14,18.39,1570504710,69.8,69.8,69.8,94,20,2.01
797,abalak,NE,15.46,6.28,1570504711,84.17,84.17,84.17,47,30,8.66
798,meulaboh,ID,4.14,96.13,1570504712,80.12,80.12,80.12,81,81,7.34
799,naples,IT,40.84,14.25,1570504435,60.89,57.0,64.0,59,0,11.41
800,morrope,PE,-6.54,-80.02,1570504716,66.2,66.2,66.2,29,0,16.11
801,manta,RO,45.1,24.1,1570504661,42.86,42.86,42.86,85,100,3.89
802,djougou,BJ,9.71,1.67,1570504718,71.3,71.3,71.3,97,100,5.48
803,copiapo,CL,-27.37,-70.33,1570504719,53.6,53.6,53.6,81,0,6.93
804,champua,IN,22.04,85.66,1570504722,74.94,74.94,74.94,90,100,1.32
805,orebro,SE,59.27,15.21,1570504723,31.32,30.0,34.0,93,100,2.24
806,maracas,TT,10.76,-61.44,1570504724,78.91,78.8,79.0,88,20,15.43
807,marystown,CA,47.17,-55.16,1570504725,52.42,52.42,52.42,93,100,16.96
808,maceio,BR,-9.67,-35.74,1570504726,69.8,69.8,69.8,94,0,4.7
809,atocha,AR,-24.82,-65.48,1570504730,61.25,57.2,64.4,50,0,2.24
810,sal rei,CV,16.18,-22.92,1570504732,77.0,77.0,77.0,83,20,8.05
811,straumen,NO,63.87,11.3,1570504733,35.04,30.0,42.01,80,0,12.75
812,saint marys,US,41.43,-78.56,1570504735,50.0,46.99,52.0,100,75,0.83
813,kurdzhinovo,RU,43.99,40.96,1570504736,44.02,44.02,44.02,82,99,6.91
814,cururupu,BR,-1.82,-44.87,1570504737,72.82,72.82,72.82,98,6,2.37
815,poros,TR,40.9,26.22,1570504738,53.6,53.6,53.6,93,75,12.75
816,talcahuano,CL,-36.72,-73.12,1570504741,50.0,50.0,50.0,81,0,5.82
817,mizan teferi,ET,6.99,35.58,1570504742,61.22,61.22,61.22,96,100,2.53
818,gravenhurst,CA,44.92,-79.37,1570504743,47.86,39.2,55.99,100,1,2.24
819,miraflores,PE,-16.39,-71.52,1570504744,51.8,51.8,51.8,23,0,6.93
820,vestmannaeyjar,IS,63.44,-20.27,1570504745,50.46,50.46,50.46,80,100,15.46
821,banes,CU,20.96,-75.72,1570504747,78.8,78.8,78.8,94,20,6.93
822,brufut,GM,13.38,-16.75,1570504748,77.0,77.0,77.0,94,40,2.24
823,battle creek,US,42.32,-85.18,1570504554,46.47,43.0,50.0,93,1,2.17
824,zelenoborsk,RU,61.47,64.05,1570504750,41.41,41.41,41.41,89,44,8.32
825,larsnes,NO,62.2,5.58,1570504751,41.45,37.99,45.0,75,100,12.75
826,hyeres,FR,43.12,6.14,1570504753,50.72,43.0,55.99,76,0,4.7
827,methoni,GR,36.82,21.7,1570504754,65.86,64.4,66.99,88,75,4.7
828,santa isabel do rio negro,BR,-0.41,-65.02,1570504755,74.27,74.27,74.27,89,6,1.97
829,taltal,CL,-25.41,-70.49,1570504756,52.55,52.55,52.55,85,0,3.44
830,mtambile,TZ,-5.38,39.7,1570504757,77.48,77.48,77.48,84,71,15.9
831,valley,DE,47.9,11.78,1570504759,42.55,37.0,46.4,87,98,6.93
832,goure,NE,13.98,10.27,1570504760,75.99,75.99,75.99,72,97,7.0
833,iaciara,BR,-14.1,-46.63,1570504761,79.89,79.89,79.89,50,32,2.1
834,petrov val,RU,50.14,45.21,1570504762,34.94,34.94,34.94,82,81,6.49
835,bara,NG,10.41,10.6,1570504764,71.74,71.74,71.74,93,96,10.4
836,otrokovice,CZ,49.21,17.54,1570504765,31.05,28.0,35.01,100,61,3.36
837,telemaco borba,BR,-24.32,-50.62,1570504767,56.94,56.94,56.94,98,1,2.59
838,ostersund,SE,63.18,14.64,1570504519,33.17,32.0,35.6,95,98,8.05
839,general roca,AR,-39.03,-67.58,1570504770,55.4,55.4,55.4,37,0,5.82
840,voyvozh,RU,62.89,54.96,1570504771,40.45,40.45,40.45,82,100,10.27
841,muzhi,RU,65.4,64.7,1570504772,32.14,32.14,32.14,82,100,6.31
842,marovoay,MG,-16.11,46.64,1570504773,73.4,73.4,73.4,60,20,6.93
843,guadalupe,MX,25.68,-100.26,1570504695,69.33,57.0,78.8,73,75,6.93
844,vihari,PK,30.03,72.35,1570504776,80.12,80.12,80.12,32,0,2.57
845,turtas,RU,58.94,69.13,1570504777,43.4,43.4,43.4,91,7,4.97
846,port hawkesbury,CA,45.62,-61.36,1570504778,62.02,59.0,64.0,82,90,19.46
847,aswan,EG,24.09,32.9,1570504779,82.4,82.4,82.4,24,0,11.41
848,shush,RU,55.6,89.45,1570504782,48.88,48.88,48.88,95,98,6.22
849,palmares do sul,BR,-30.26,-50.51,1570504783,60.01,60.01,60.01,95,0,6.46
850,maragogi,BR,-9.01,-35.22,1570504784,70.35,70.35,70.35,93,3,4.85
851,santa cruz,BR,-6.22,-36.02,1570504786,69.04,69.04,69.04,85,19,16.46
852,camocim,BR,-2.9,-40.84,1570504788,73.0,73.0,73.0,83,0,6.53
853,malinovskiy,RU,54.15,34.53,1570504789,27.38,27.38,27.38,92,5,6.04
854,krasnyy oktyabr,RU,56.12,38.88,1570504790,29.71,29.71,29.71,93,99,10.69
855,lohja,FI,60.25,24.07,1570504791,35.13,34.0,37.0,93,75,1.59
856,saint-felicien,CA,48.65,-72.45,1570504793,50.0,50.0,50.0,81,90,8.05
857,hualmay,PE,-11.1,-77.61,1570504794,60.2,60.2,60.2,93,0,9.89
858,culebra,PA,9.3,-82.53,1570504795,55.99,55.99,55.99,79,80,5.99
859,feijo,EC,-3.63,-79.92,1570504796,79.92,73.4,89.6,33,75,3.36
860,douentza,ML,15.01,-2.95,1570504797,87.65,87.65,87.65,32,66,17.34
861,bijar,IR,35.87,47.6,1570504799,41.48,41.48,41.48,64,0,2.73
862,alvor,PT,37.13,-8.59,1570504800,70.95,68.0,73.0,52,0,3.36
863,vadinsk,RU,53.69,43.04,1570504801,31.63,31.63,31.63,84,12,10.6
864,brigantine,US,39.41,-74.36,1570504802,68.7,64.0,71.6,90,90,3.36
865,pangody,RU,65.85,74.49,1570504803,32.86,32.86,32.86,87,100,3.47
866,parsabad,AZ,39.65,47.92,1570504805,62.6,62.6,62.6,88,0,6.93
867,dombarovskiy,RU,50.76,59.54,1570504807,52.19,52.19,52.19,43,100,4.63
868,novobirilyussy,RU,56.95,90.69,1570504808,48.48,48.48,48.48,82,96,7.07
869,goundam,ML,16.42,-3.66,1570504810,87.68,87.68,87.68,16,20,11.7
870,grafenau,DE,48.86,13.39,1570504811,43.29,39.0,46.0,93,100,5.21
871,cape town,ZA,-33.93,18.42,1570504812,56.3,55.0,57.99,82,0,5.82
872,granadilla de abona,ES,28.12,-16.58,1570504813,66.94,62.6,72.0,77,0,6.93
873,lebanon,US,40.34,-76.42,1570504812,57.06,55.0,59.0,93,90,12.08
874,dungarpur,IN,23.85,73.71,1570504817,78.74,78.74,78.74,64,0,4.32
875,koutsouras,GR,35.03,25.95,1570504818,73.99,73.99,73.99,73,99,4.0
876,vite,ES,42.89,-8.54,1570504819,65.68,62.01,68.0,100,90,5.82
877,zheleznodorozhnyy,RU,55.75,38.0,1570504820,31.44,30.0,32.0,89,75,8.95
878,koppal,IN,15.35,76.15,1570504822,77.28,77.28,77.28,74,13,4.85
879,valparaiso,US,41.47,-87.06,1570504824,49.66,44.6,55.99,71,1,4.7
880,nynashamn,SE,58.9,17.95,1570504825,35.65,32.0,41.0,100,99,1.12
881,san carlos de bariloche,AR,-41.13,-71.31,1570504827,37.98,36.0,41.0,65,40,13.87
882,kempten,CH,47.33,8.82,1570504828,46.17,42.01,50.0,93,75,4.7
883,lethem,GY,3.38,-59.8,1570504829,79.82,79.82,79.82,74,4,3.76
884,shamgarh,IN,24.18,75.63,1570504830,78.58,78.58,78.58,63,0,1.88
885,vila do maio,CV,15.13,-23.22,1570504564,78.8,78.8,78.8,78,40,6.93
886,pudozh,RU,61.81,36.54,1570504833,31.76,31.76,31.76,97,100,9.64
887,santa ana,MX,30.54,-111.12,1570504834,85.69,85.69,85.69,26,0,10.25
888,mazsalaca,LV,57.87,25.05,1570504835,35.01,35.01,35.01,97,44,1.01
889,le port,FR,42.87,1.37,1570504836,51.96,46.99,55.0,83,32,2.42
890,sao joao da barra,BR,-21.64,-41.05,1570504837,71.16,71.16,71.16,89,58,2.21
891,keskin,TR,39.67,33.62,1570504839,55.99,55.99,55.99,61,89,5.06
892,stromness,CA,42.87,-79.55,1570504840,50.4,46.99,53.6,87,40,2.24
893,kuito,AO,-12.38,16.94,1570504842,62.36,62.36,62.36,76,86,3.0
894,santa maria,BR,-16.02,-48.01,1570504762,70.97,69.01,73.4,73,0,3.36
895,yarmouth,CA,43.84,-66.12,1570504845,61.16,60.01,63.0,87,90,20.8
896,oranjemund,ZA,-28.55,16.43,1570504739,58.22,58.22,58.22,91,32,16.82
897,jutai,BR,-1.71,-47.89,1570504847,73.36,73.36,73.36,94,39,3.69
898,lubao,CD,-5.39,25.75,1570504848,70.33,70.33,70.33,82,99,3.24
899,nyzhni sirohozy,UA,46.85,34.38,1570504849,39.97,39.97,39.97,63,3,10.42
900,lawrenceburg,US,35.24,-87.33,1570504851,59.13,55.0,62.6,93,90,9.17
901,rafai,CF,4.95,23.92,1570504852,68.48,68.48,68.48,97,100,2.64
902,entebbe,UG,0.06,32.45,1570504853,61.49,61.49,61.49,82,73,1.19
903,carupano,VE,10.67,-63.26,1570504854,72.15,72.15,72.15,96,5,2.13
904,kasempa,ZM,-13.46,25.83,1570504856,69.04,69.04,69.04,48,91,6.2
905,chiredzi,ZW,-21.05,31.67,1570504857,69.23,69.23,69.23,40,0,1.63
906,nadym,RU,65.53,72.51,1570504858,33.58,33.58,33.58,76,87,1.05
907,porbandar,IN,21.64,69.61,1570504859,84.2,84.2,84.2,79,5,9.69
908,pteleos,GR,39.05,22.95,1570504860,59.65,57.2,61.0,100,90,9.17
909,ndago,BI,-3.88,29.65,1570504862,70.26,70.26,70.26,53,100,5.57
910,halifax,CA,44.65,-63.58,1570504669,61.29,60.01,62.01,87,40,21.92
911,porto seguro,BR,-16.44,-39.06,1570504864,71.6,71.6,71.6,88,75,6.93
912,luebo,CD,-5.35,21.42,1570504865,69.13,69.13,69.13,97,100,1.95
913,barbalha,BR,-7.31,-39.3,1570504866,86.0,86.0,86.0,27,40,2.24
914,loni,IN,28.73,77.29,1570504868,77.9,73.4,84.0,73,0,4.7
915,porto novo,BR,-23.68,-45.44,1570504869,66.2,66.2,66.2,82,75,5.82
916,black river,JM,18.03,-77.85,1570504870,84.2,84.2,84.2,66,40,10.29
917,karla,EE,59.37,24.93,1570504872,35.62,32.0,37.99,93,0,1.12
918,tripoli,GR,37.51,22.37,1570504874,63.05,57.0,66.99,88,75,4.7
919,gibara,CU,21.11,-76.13,1570504875,78.8,78.8,78.8,94,20,6.93
920,zhezkazgan,KZ,47.8,67.71,1570504876,44.6,44.6,44.6,39,0,6.71
921,khorixas,NA,-20.37,14.96,1570504877,57.25,57.25,57.25,32,0,2.3
922,nowa deba,PL,50.43,21.75,1570504878,31.19,27.0,33.01,92,0,4.7
923,taywarah,AF,33.35,64.42,1570504880,53.86,53.86,53.86,34,0,5.57
924,haradok,BY,55.46,29.99,1570504882,29.35,29.35,29.35,95,77,5.23
925,atasu,KZ,48.68,71.64,1570504883,53.12,53.12,53.12,34,0,7.99
926,london,GB,51.51,-0.13,1570504777,55.44,53.01,57.99,93,14,9.17
927,banepa,NP,27.63,85.52,1570504886,69.8,69.8,69.8,83,75,2.24
928,havre-saint-pierre,CA,50.23,-63.6,1570504836,46.4,46.4,46.4,100,90,4.7
929,kastamonu,TR,41.38,33.78,1570504888,47.06,47.06,47.06,78,100,3.06
930,noormarkku,FI,61.59,21.87,1570504889,35.6,35.6,35.6,93,54,3.31
931,raipur,IN,21.24,81.63,1570504891,77.0,77.0,77.0,88,40,3.36
932,yeroham,IL,30.99,34.93,1570504892,61.0,61.0,61.0,86,18,3.2
933,ambilobe,MG,-13.19,49.05,1570504893,74.9,74.9,74.9,68,8,11.45
934,basmat,IN,19.33,77.16,1570504894,78.29,78.29,78.29,75,0,7.05
935,swellendam,ZA,-34.02,20.44,1570504896,46.4,46.4,46.4,87,67,2.24
936,uusikaupunki,FI,60.8,21.41,1570504897,35.49,33.8,37.0,100,90,1.12
937,sobradinho,BR,-29.41,-53.03,1570504898,57.16,57.16,57.16,95,54,0.31
938,monetnyy,RU,57.05,60.88,1570504899,42.8,42.8,42.8,75,0,6.71
939,vkhodnoy,RU,54.95,73.17,1570504900,48.2,48.2,48.2,76,0,4.47
940,tazovskiy,RU,67.47,78.7,1570504902,35.74,35.74,35.74,91,100,3.2
941,wamba,CD,2.14,27.99,1570504903,65.81,65.81,65.81,99,100,0.67
942,peruibe,BR,-24.32,-47.0,1570504904,65.18,65.18,65.18,99,100,1.77
943,camopi,GF,3.17,-52.33,1570504905,71.11,71.11,71.11,94,38,2.37
944,vokhtoga,RU,58.81,41.03,1570504906,33.0,33.0,33.0,96,100,12.19
945,nampula,MZ,-15.12,39.26,1570504908,69.8,69.8,69.8,94,20,8.05
946,orangeburg,US,33.49,-80.86,1570504739,70.97,69.01,73.4,83,20,3.36
947,dabat,ET,12.98,37.77,1570504911,62.83,62.83,62.83,73,0,2.62
948,sao felix do xingu,BR,-6.64,-51.99,1570504912,72.87,72.87,72.87,92,48,1.9
949,schrobenhausen,DE,48.56,11.27,1570504914,45.09,43.0,46.99,93,0,3.36
950,ussel,FR,45.55,2.31,1570504915,53.01,53.01,53.01,84,80,1.52
951,hickory,US,35.73,-81.34,1570504916,67.46,62.01,71.6,77,90,2.17
952,sabha,LY,27.03,14.43,1570504917,72.49,72.49,72.49,32,0,9.48
953,stepnyak,KZ,52.83,70.79,1570504918,51.27,51.27,51.27,72,0,5.01
954,dzialdowo,PL,53.24,20.17,1570504920,35.03,35.03,35.03,89,68,7.16
955,shahgarh,IN,24.31,79.12,1570504921,77.95,77.95,77.95,60,0,1.28
956,santiago del estero,AR,-27.8,-64.26,1570504922,69.13,69.13,69.13,46,0,8.39
957,marsh harbour,BS,26.54,-77.06,1570504925,79.62,79.62,79.62,81,100,13.71
958,ler,NO,63.2,10.3,1570504926,34.97,30.0,41.0,60,0,11.41
959,tilisca,RO,45.8,23.85,1570504927,35.89,35.6,36.0,72,40,2.24
960,bastia,IT,44.6,8.98,1570504928,54.12,46.0,63.0,59,0,6.93
961,antofagasta,CL,-23.65,-70.4,1570504929,57.2,57.2,57.2,82,75,4.7
962,teslui,RO,44.51,24.36,1570504931,47.1,46.0,48.0,81,20,9.17
963,wismar,DE,53.89,11.46,1570504932,45.23,44.01,46.99,75,90,5.82
964,mitu,IR,36.2,46.09,1570504933,45.15,45.15,45.15,66,0,2.57
965,plettenberg bay,ZA,-34.05,23.37,1570504934,57.8,57.8,57.8,84,91,2.08
966,raudeberg,NO,61.99,5.14,1570504936,43.57,42.8,45.0,87,100,20.8
967,kavaratti,IN,10.57,72.64,1570504937,84.2,84.2,84.2,74,20,4.7
968,nur,PL,52.67,22.32,1570504938,34.94,34.94,34.94,94,0,6.35
969,vila praia de ancora,PT,41.81,-8.85,1570504939,61.52,54.0,66.99,100,75,1.12
970,paralimni,GR,40.99,23.67,1570504940,55.42,52.0,57.99,82,100,5.01
971,riyadh,SA,24.63,46.72,1570504831,78.8,78.8,78.8,74,0,3.36
972,gewane,ET,10.16,40.66,1570504943,77.6,77.6,77.6,61,2,2.33
973,fort william,GB,56.82,-5.11,1570504944,50.0,50.0,50.0,96,83,1.99
974,birao,CF,10.3,22.78,1570504945,68.42,68.42,68.42,93,69,1.72
975,caucaia,BR,-3.73,-38.66,1570504946,78.91,78.8,79.0,69,40,14.99
976,knokke-heist,BE,51.33,3.33,1570504950,55.06,54.0,55.99,100,100,17.22
977,port blair,IN,11.67,92.75,1570504954,84.2,84.2,84.2,79,40,4.7
978,sete,NP,27.58,86.44,1570504955,69.7,69.7,69.7,69,0,1.95
979,amot,NO,59.57,7.99,1570504957,33.01,33.01,33.01,92,100,5.5
980,kattivakkam,IN,13.22,80.32,1570504958,84.67,84.0,86.0,70,20,4.7
981,sergeyevka,KZ,53.88,67.42,1570504960,50.6,50.6,50.6,81,0,5.44
982,redcliffe,AU,-31.94,115.94,1570504963,79.72,78.8,81.0,31,0,14.99
983,quarai,BR,-30.39,-56.45,1570504964,57.84,57.84,57.84,78,0,3.13
984,sanandaj,IR,35.31,47.0,1570504965,46.4,46.4,46.4,59,0,1.19
985,linhares,BR,-19.38,-40.06,1570504966,71.34,71.34,71.34,90,80,1.7
986,porosozero,RU,62.72,32.71,1570504967,31.56,31.56,31.56,91,100,10.18
987,west bay,CA,49.34,-123.21,1570504969,52.66,48.99,55.99,66,40,12.75
988,ponta do sol,BR,-20.63,-46.0,1570504970,67.02,67.02,67.02,91,100,5.44
989,kabare,RW,-1.65,29.38,1570504971,53.07,53.07,53.07,88,100,1.97
990,rincon,PA,8.46,-82.28,1570504972,75.2,75.2,75.2,94,0,2.24
991,petersburg,US,37.23,-77.4,1570504974,69.21,64.0,73.99,94,90,3.36
992,krasnooktyabrskiy,RU,44.93,38.37,1570504975,49.82,48.0,51.01,93,0,4.47
993,saint-francois,FR,46.42,3.91,1570504976,45.99,43.0,50.0,87,90,3.36
994,palmas,BR,-10.18,-48.33,1570504977,78.8,78.8,78.8,78,20,3.36
995,connersville,US,39.64,-85.14,1570504978,48.92,46.0,52.0,93,1,2.51
996,paita,PE,-5.09,-81.11,1570504980,61.96,61.96,61.96,90,26,16.46
997,stokmarknes,NO,68.56,14.91,1570504981,39.4,33.01,42.8,60,0,10.29
998,carutapera,BR,-1.2,-46.02,1570504982,78.02,78.02,78.02,84,22,6.04
999,sept-iles,CA,50.2,-66.38,1570504709,47.68,46.99,48.2,87,75,4.7
1000,goderich,CA,43.74,-81.71,1570504986,45.95,42.01,52.0,86,19,11.7
1001,osypenko,UA,48.04,34.39,1570504987,32.0,32.0,32.0,70,0,11.18
1002,clevelandia,BR,-26.4,-52.47,1570504989,58.07,58.07,58.07,94,100,2.93
1003,ilulissat,GL,69.22,-51.1,1570504990,28.4,28.4,28.4,63,13,2.24
1004,canico,PT,32.63,-16.85,1570504992,67.15,61.0,71.6,64,20,17.22
1005,serenje,ZM,-13.23,30.22,1570504993,63.22,63.22,63.22,63,0,4.61
1006,astana,KZ,51.13,71.43,1570504994,46.4,46.4,46.4,81,0,8.95
1007,leshukonskoye,RU,64.9,45.76,1570504995,36.98,36.98,36.98,94,100,11.23
1008,mantua,IT,45.16,10.79,1570504998,52.77,48.99,57.2,93,40,2.24
1009,itamaraca,BR,-7.75,-34.83,1570504999,76.89,75.2,78.8,69,40,8.05
1010,orshanka,RU,56.92,47.89,1570505000,35.29,35.29,35.29,79,96,15.68
1011,samana,EC,0.12,-76.97,1570505001,70.42,70.42,70.42,98,100,1.66
1012,iranshahr,IR,27.21,60.69,1570505002,77.0,77.0,77.0,61,0,2.39
1013,sancti spiritus,CU,21.93,-79.44,1570505004,74.26,74.26,74.26,93,99,2.06
1014,puerto carreno,CO,6.19,-67.49,1570505005,78.94,78.94,78.94,85,100,1.41
1015,shahrud,IR,36.42,54.97,1570505006,45.8,45.8,45.8,39,0,4.36
1016,whitehaven,US,35.03,-90.03,1570505007,55.76,53.6,57.99,100,0,6.93
1017,saint george,GR,39.45,22.34,1570505009,58.05,57.2,59.0,82,90,6.93
1018,bellavista,MX,21.56,-104.88,1570505010,73.22,71.01,75.2,94,20,1.45
1019,balkhash,KZ,46.84,74.98,1570505011,55.4,55.4,55.4,30,0,15.66
1020,mglin,RU,53.06,32.85,1570505012,28.61,28.61,28.61,92,0,7.47
1021,varzea da palma,BR,-17.6,-44.73,1570505013,74.63,74.63,74.63,59,62,3.96
1022,karata,RU,42.6,46.34,1570505016,38.81,38.81,38.81,90,100,11.88
1023,ornskoldsvik,SE,63.29,18.72,1570505017,34.61,33.8,35.6,98,99,4.7
1024,vallenar,CL,-28.58,-70.76,1570505018,53.07,53.07,53.07,66,0,2.57
1025,kamakwie,SL,9.5,-12.24,1570505019,71.41,71.41,71.41,97,89,0.89
1026,salinas,US,36.67,-121.66,1570505014,64.0,57.99,72.0,52,1,6.93
1027,isla mujeres,MX,21.23,-86.73,1570505022,77.0,77.0,77.0,100,90,9.17
1028,sonqor,IR,34.78,47.6,1570505023,53.6,53.6,53.6,40,40,2.24
1029,ciudad bolivar,VE,8.12,-63.55,1570505024,78.14,78.14,78.14,85,69,5.66
1030,shetpe,KZ,44.14,52.16,1570505025,51.22,51.22,51.22,83,39,7.36
1031,weligama,LK,5.97,80.42,1570505027,80.18,80.18,80.18,81,100,13.51
1032,kharp,RU,66.82,65.8,1570505028,22.81,22.81,22.81,88,79,5.66
1033,vila franca do campo,PT,37.72,-25.43,1570505029,67.69,66.0,71.01,93,40,16.11
1034,manbij,SY,36.53,37.96,1570505030,51.8,51.8,51.8,50,0,3.36
1035,moose factory,CA,51.26,-80.61,1570505031,42.8,42.8,42.8,93,90,6.93
1036,marrakesh,MA,31.63,-7.99,1570505033,66.2,66.2,66.2,37,0,0.67
1037,newtownards,GB,54.59,-5.69,1570505011,52.59,51.8,53.6,81,50,16.11
1038,kalmunai,LK,7.42,81.82,1570505036,80.79,80.79,80.79,75,65,3.06
1039,albanel,CA,48.88,-72.44,1570505037,50.0,50.0,50.0,81,75,11.41
1040,nova olimpia,BR,-14.8,-57.29,1570505039,72.19,72.19,72.19,76,0,3.24
1041,kommunisticheskiy,RU,61.68,64.48,1570505040,40.22,40.22,40.22,92,69,7.18
1042,barra velha,BR,-26.63,-48.68,1570505041,64.36,64.0,64.99,93,75,4.7
1043,san jose,HN,14.25,-87.96,1570505042,63.73,63.73,63.73,97,100,1.92
1044,hermanus,ZA,-34.42,19.24,1570505045,55.9,55.0,57.0,86,33,21.09
1045,sabla,NG,12.75,4.71,1570505046,79.42,79.42,79.42,68,100,12.15
1046,geraldton,CA,49.72,-86.95,1570505047,37.4,37.4,37.4,93,20,2.24
1047,abong mbang,CM,3.98,13.18,1570505048,67.13,67.13,67.13,99,100,1.72
1048,ploemeur,FR,47.73,-3.43,1570505050,59.4,55.99,62.6,93,75,8.05
1049,mar del plata,AR,-46.43,-67.52,1570505051,48.66,48.66,48.66,44,33,25.57
1050,katghora,IN,22.51,82.55,1570505052,77.01,77.01,77.01,71,100,4.83
1051,anniston,US,33.66,-85.83,1570505053,65.16,64.0,66.99,100,1,5.66
1052,presidencia roque saenz pena,AR,-26.79,-60.44,1570505054,63.04,63.04,63.04,68,0,5.08
1053,carpentras,FR,44.06,5.05,1570505056,50.43,46.0,53.6,76,0,4.7
1054,arona,IT,45.76,8.56,1570505057,52.88,48.99,57.0,100,40,4.7
1055,feuchtwangen,DE,49.17,10.33,1570505058,48.18,46.0,51.01,100,90,3.36
1056,pavlohrad,UA,48.53,35.87,1570505059,32.0,32.0,32.0,74,0,11.18
1057,henties bay,NA,-22.12,14.28,1570505061,57.37,57.37,57.37,89,2,14.56
1058,illela,NG,12.25,4.3,1570505062,77.28,77.28,77.28,76,99,13.58
1059,florianopolis,BR,-27.6,-48.55,1570505045,62.13,55.0,66.2,88,40,10.29
1060,crepy-en-valois,FR,49.23,2.89,1570505065,55.4,54.0,57.0,93,75,12.75
1061,kedrovyy,RU,56.17,91.82,1570505068,51.8,51.8,51.8,71,0,13.42
1062,jalu,LY,29.03,21.55,1570505069,70.57,70.57,70.57,39,58,10.87
1063,bathsheba,BB,13.22,-59.52,1570504796,78.8,78.8,78.8,83,75,23.04
1064,kristiansund,NO,63.12,7.73,1570505071,39.02,37.4,41.0,65,100,18.34
1065,la palma,CO,5.36,-74.39,1570505072,70.37,70.37,70.37,94,100,2.46
1066,lyubytino,RU,58.81,33.39,1570505074,30.8,30.8,30.8,92,100,7.25
1067,chama,ZM,-11.22,33.16,1570505075,70.96,70.96,70.96,59,0,5.12
1068,izhma,RU,65.01,53.91,1570505076,33.7,33.7,33.7,94,96,8.88
1069,zinder,NE,13.81,8.99,1570505077,85.67,85.67,85.67,45,98,8.05
1070,alhama de murcia,ES,37.85,-1.43,1570505080,66.72,53.01,71.6,78,90,2.24
1071,piterka,RU,50.68,47.44,1570505081,35.88,35.88,35.88,79,0,4.56
1072,longyearbyen,NO,78.22,15.63,1570505082,35.6,35.6,35.6,93,75,9.17
1073,challans,FR,46.85,-1.88,1570505083,62.76,60.8,64.4,100,90,11.41
1074,soyo,AO,-6.13,12.37,1570505084,77.23,77.23,77.23,85,92,11.23
1075,ekibastuz,KZ,51.72,75.32,1570505086,56.51,56.51,56.51,64,0,7.49
1076,oktyabrskoye,RU,56.73,85.44,1570505087,49.15,46.99,50.0,71,20,2.24
1077,bell ville,AR,-32.63,-62.69,1570504852,57.43,57.43,57.43,47,32,6.87
1078,baringo,KE,0.47,35.97,1570505089,53.23,53.23,53.23,88,0,1.43
1079,geilo,NO,60.53,8.21,1570505090,27.75,24.01,30.0,83,100,3.38
1080,viransehir,TR,37.24,39.76,1570505092,62.65,62.65,62.65,56,90,7.34
1081,shirdi,IN,19.77,74.48,1570505093,76.18,76.18,76.18,79,0,5.08
1082,oudtshoorn,ZA,-33.59,22.2,1570505094,57.2,57.2,57.2,87,90,1.12
1083,valenca do piaui,BR,-6.41,-41.75,1570505095,80.86,80.86,80.86,35,63,4.23
1084,amboasary,MG,-25.04,46.38,1570505097,71.6,71.6,71.6,78,20,20.8
1085,melfi,IT,41.0,15.66,1570505098,57.2,57.2,57.2,93,5,8.05
1086,seminole,US,32.72,-102.64,1570504942,57.79,54.0,61.0,47,1,4.7
1087,nioki,CD,-2.72,17.69,1570505100,70.3,70.3,70.3,94,100,1.54
1088,beruwala,LK,6.48,79.98,1570505103,82.07,82.07,82.07,74,100,11.65
1089,djibo,BF,14.1,-1.63,1570505104,86.91,86.91,86.91,47,99,17.43
1090,lagoa,PT,37.14,-8.45,1570505105,70.93,68.0,73.0,52,0,3.36
1091,xapuri,BR,-10.65,-68.5,1570505106,66.84,66.84,66.84,89,35,4.21
1092,spiez,CH,46.69,7.68,1570505107,43.43,39.99,46.4,100,90,3.36
1093,sinop,TR,42.03,35.15,1570505110,61.17,61.17,61.17,80,98,6.76
1094,huambo,AO,-12.78,15.73,1570505111,64.46,64.46,64.46,83,100,4.07
1095,katunino,RU,64.39,40.63,1570505112,33.8,33.8,33.8,95,90,13.42
1096,yurimaguas,PE,-5.9,-76.1,1570505113,65.96,65.96,65.96,96,100,1.61
1097,oranjestad,AW,12.52,-70.03,1570505071,84.2,84.2,84.2,79,20,18.34
1098,nurota,UZ,40.56,65.69,1570505117,57.2,57.2,57.2,54,0,4.7
1099,portree,GB,57.41,-6.19,1570505119,51.01,51.01,51.01,84,53,14.0
1100,nuuk,GL,64.17,-51.74,1570504879,33.35,33.01,33.8,74,49,3.36
1101,marawi,PH,8.0,124.29,1570505122,84.99,84.99,84.99,77,86,5.01
1102,alghero,IT,40.56,8.32,1570505123,57.63,57.2,57.99,82,0,3.36
1103,varhaug,NO,58.61,5.65,1570504846,46.74,44.01,50.0,75,75,23.04
1104,udala,ES,43.08,-2.51,1570505125,52.72,46.99,59.0,87,0,3.36
1105,kurchum,KZ,48.57,83.65,1570505126,58.54,58.54,58.54,38,0,2.71
1106,kolo,BA,43.71,17.22,1570505128,47.26,46.4,48.0,75,0,3.36
1107,shubarkuduk,KZ,49.15,56.49,1570505129,48.48,48.48,48.48,74,27,11.77
1108,mosta,MT,35.91,14.42,1570505131,63.36,60.8,64.99,87,20,4.7
1109,dudinka,RU,69.41,86.18,1570505136,21.2,21.2,21.2,100,75,6.71
1110,mookane,BW,-23.68,26.66,1570505137,63.35,63.35,63.35,30,1,4.59
1111,isiro,CD,2.77,27.62,1570505138,65.51,65.51,65.51,99,100,1.45
1112,farroupilha,BR,-29.22,-51.34,1570505139,60.76,55.99,64.99,92,100,1.99
1113,potenza,IT,40.64,15.8,1570505141,48.86,48.86,48.86,93,13,5.68
1114,sao jose da coroa grande,BR,-8.9,-35.15,1570505142,70.35,70.35,70.35,93,3,4.85
1115,gari,RU,59.43,62.35,1570505143,42.99,42.99,42.99,93,0,6.71
1116,la suiza,CR,9.85,-83.61,1570505144,68.9,66.99,71.01,94,75,3.36
1117,middelburg,NL,51.5,3.61,1570505145,54.77,53.01,55.99,100,100,17.22
1118,zaranj,AF,30.95,61.86,1570505147,68.0,68.0,68.0,37,0,4.7
1119,alexandria,RO,43.97,25.33,1570505148,44.02,44.02,44.02,67,87,8.77
1120,quatre cocos,MU,-20.21,57.76,1570505149,68.56,68.0,69.01,100,75,11.41
1121,mangrol,IN,25.33,76.51,1570505150,79.87,79.87,79.87,66,0,3.51
1122,daulatpur,BD,23.97,89.83,1570505152,82.4,82.4,82.4,78,75,9.17
1123,mendoza,AR,-32.89,-68.84,1570505153,68.0,68.0,68.0,34,0,5.82
1124,paragominas,BR,-3.0,-47.35,1570504900,74.83,74.83,74.83,84,0,3.65
1125,mao,DO,19.55,-71.08,1570505155,79.0,77.0,81.0,83,20,6.93
1126,itaituba,BR,-4.26,-55.99,1570505156,82.4,82.4,82.4,83,20,2.24
1127,boysun,UZ,38.2,67.2,1570505158,53.84,53.84,53.84,36,0,2.17
1128,luena,AO,-11.78,19.91,1570504666,62.43,62.43,62.43,83,100,3.76
1129,bereda,ES,43.27,-7.54,1570505161,63.63,59.0,68.0,88,90,4.7
1130,sechura,PE,-5.56,-80.82,1570505162,61.75,61.75,61.75,87,54,11.68
1131,trairi,BR,-3.28,-39.27,1570505164,74.35,74.35,74.35,80,48,8.81
1132,pinsk,BY,52.11,26.1,1570505166,32.28,32.28,32.28,95,78,6.15
1133,miranda de ebro,ES,42.69,-2.95,1570505167,49.19,42.8,53.6,87,0,1.12
1134,zanjan,IR,36.67,48.48,1570504873,51.8,51.8,51.8,43,0,9.17
1135,huancavelica,PE,-12.79,-74.97,1570504919,33.09,33.09,33.09,52,11,2.48
1136,suoyarvi,RU,62.08,32.35,1570505172,29.6,29.6,29.6,93,100,9.08
1137,tallahassee,US,30.44,-84.28,1570504928,74.35,73.0,75.2,83,75,5.68
1138,saint-vallier,FR,46.64,4.37,1570505174,46.87,43.0,50.0,87,75,3.36
1139,juiz de fora,BR,-21.76,-43.35,1570504971,66.26,66.26,66.26,96,91,3.56
1140,vvedenskoye,RU,55.29,38.01,1570505176,31.35,30.0,32.0,93,40,8.95
1141,araouane,ML,18.9,-3.53,1570505178,85.97,85.97,85.97,10,0,11.21
1142,rudsar,IR,37.14,50.29,1570505179,68.0,68.0,68.0,100,75,1.28
1143,bay roberts,CA,47.58,-53.28,1570505180,55.24,53.01,57.0,93,90,24.16
1144,biscarrosse,FR,44.41,-1.18,1570505181,55.26,55.0,55.4,87,0,2.24
1145,houma,CN,35.63,111.36,1570505182,65.27,65.27,65.27,37,43,7.9
1146,presov,SK,49.0,21.23,1570505184,27.95,24.01,32.0,86,0,3.36
1147,dharur,IN,18.82,76.11,1570505185,76.83,76.83,76.83,77,68,5.06
1148,hammerfest,NO,70.66,23.68,1570505186,33.8,33.8,33.8,77,20,20.8
1149,punta arenas,CL,-53.16,-70.91,1570505187,35.28,35.01,35.6,74,0,26.4
1150,tabou,CI,4.42,-7.36,1570505189,73.43,73.43,73.43,94,100,3.67
1151,orange park,US,30.17,-81.71,1570505190,73.49,71.6,75.99,94,1,4.21
1152,touros,BR,-5.2,-35.46,1570505191,73.4,73.4,73.4,83,40,4.7
1153,bubaque,GW,11.28,-15.83,1570505130,81.87,81.87,81.87,74,99,8.9
1154,ambovombe,MG,-25.18,46.09,1570505193,71.41,71.41,71.41,70,0,7.67
1155,grand falls,CA,47.05,-67.74,1570505195,48.88,48.0,50.0,93,1,5.82
1156,asmara,ER,15.34,38.93,1570505196,72.13,72.13,72.13,59,0,5.46
1157,araioses,BR,-2.89,-41.91,1570505197,75.93,75.93,75.93,79,21,7.56
1158,mamontovo,RU,52.71,81.63,1570505198,55.52,55.52,55.52,71,0,4.12
1159,zabid,YE,14.2,44.5,1570505199,63.71,63.71,63.71,66,0,1.48
1160,dovolnoye,RU,54.5,79.67,1570505201,53.09,53.09,53.09,70,0,4.99
1161,dwarka,IN,28.58,77.04,1570505202,77.86,73.4,84.0,78,0,5.82
1162,sarkand,KZ,45.41,79.91,1570505203,67.97,67.97,67.97,27,58,1.45
1163,pauini,BR,-7.71,-67.0,1570505206,71.81,71.81,71.81,97,73,2.64
1164,novi travnik,BA,44.17,17.66,1570505207,48.2,48.2,48.2,76,75,3.36
1165,colares,PT,38.8,-9.45,1570505208,65.05,62.01,66.2,82,0,9.17
1166,issoire,FR,45.54,3.25,1570505210,50.0,50.0,50.0,76,90,3.36
1167,rafraf,TN,37.19,10.18,1570505211,66.2,66.2,66.2,82,40,14.99
1168,kokhma,RU,56.93,41.09,1570505213,31.65,31.65,31.65,91,100,13.29
1169,campbeltown,GB,55.43,-5.61,1570505214,53.19,51.8,54.0,87,40,16.11
1170,gemena,CD,3.25,19.78,1570505216,68.6,68.6,68.6,99,100,0.56
1171,calama,CL,-22.46,-68.93,1570505217,48.97,46.4,51.01,16,0,12.75
1172,kushtagi,IN,15.76,76.19,1570505219,77.06,77.06,77.06,77,36,7.36
1173,nosy varika,MG,-20.58,48.53,1570505221,67.69,67.69,67.69,90,0,3.02
1174,bela,PK,26.23,66.31,1570505222,77.53,77.53,77.53,54,0,1.95
1175,sorgun,TR,39.81,35.19,1570505225,55.63,55.63,55.63,64,31,6.38
1176,rio gallegos,AR,-51.62,-69.22,1570505226,33.8,33.8,33.8,74,0,18.34
1177,kaka,TM,37.35,59.62,1570505227,67.88,67.88,67.88,25,0,8.57
1178,salalah,OM,17.01,54.1,1570505228,80.6,80.6,80.6,83,75,4.7
1179,fenoarivo,MG,-18.93,47.44,1570505231,57.2,57.2,57.2,87,75,6.93
1180,andros town,BS,24.73,-77.79,1570505232,77.0,77.0,77.0,94,90,2.24
1181,santa ines,EC,-0.82,-78.63,1570505233,49.42,48.99,50.0,87,40,8.05
1182,belmonte,PT,40.36,-7.35,1570505236,55.0,55.0,55.0,91,90,0.78
1183,los llanos de aridane,ES,28.66,-17.92,1570505237,73.4,73.4,73.4,69,90,12.75
1184,tarauaca,BR,-8.16,-70.77,1570505238,68.55,68.55,68.55,91,72,2.89
1185,sorland,NO,67.67,12.69,1570505240,42.8,42.8,42.8,60,20,9.17
1186,cairo,EG,30.05,31.24,1570505002,73.17,73.0,73.4,73,0,4.7
1187,manyana,AU,-35.26,150.51,1570505243,57.65,53.01,63.0,76,75,18.34
1188,clarence town,AU,-32.59,151.78,1570505244,74.82,71.01,78.8,31,0,18.34
1189,verkh-chebula,RU,56.03,87.61,1570505245,48.68,48.68,48.68,92,90,2.98
1190,annau,TM,37.89,58.52,1570505246,68.0,68.0,68.0,40,0,4.38
1191,zarinsk,RU,53.71,84.95,1570505247,54.74,54.74,54.74,76,21,1.68
1192,ambam,CM,2.38,11.27,1570505249,67.54,67.54,67.54,98,100,1.88
1193,puerto cabezas,NI,14.04,-83.39,1570505250,78.49,78.49,78.49,89,51,2.73
1194,pisco,PE,-13.71,-76.2,1570505251,59.59,59.0,60.01,82,0,3.36
1195,monte patria,CL,-30.69,-70.96,1570505252,59.68,59.68,59.68,44,85,2.84
1196,sinnamary,GF,5.38,-52.96,1570505254,82.32,82.32,82.32,82,0,18.14
1197,naro moru,KE,-0.17,37.02,1570505255,55.57,55.57,55.57,86,0,11.59
1198,ukmerge,LT,55.25,24.75,1570505256,36.23,35.6,37.0,93,0,3.36
1199,puerto narino,CO,-3.77,-70.38,1570505258,75.2,75.2,75.2,100,20,3.36
1200,pasni,PK,25.26,63.48,1570505260,81.69,81.69,81.69,58,0,2.66
1201,dalsingh sarai,IN,25.67,85.83,1570505261,81.89,81.89,81.89,64,1,0.76
1202,novyy urengoy,RU,66.08,76.63,1570505262,34.62,34.62,34.62,85,100,5.01
1203,volchansk,RU,59.94,60.08,1570505263,39.07,39.07,39.07,98,49,1.81
1204,neubrandenburg,DE,53.56,13.26,1570505265,43.48,43.0,44.01,79,100,3.0
1205,ribeira grande,PT,38.52,-28.7,1570505083,66.35,66.35,66.35,75,100,18.77
1206,novyye lapsary,RU,56.07,47.21,1570505269,35.6,35.6,35.6,74,75,17.9
1207,djenne,ML,13.91,-4.55,1570505270,80.79,80.79,80.79,63,44,12.26
1208,khazar,RU,41.99,48.34,1570505272,47.31,47.31,47.31,79,57,5.23
1209,savannah bight,HN,16.45,-85.85,1570505273,85.74,85.74,85.74,78,100,13.42
1210,asosa,ET,10.07,34.53,1570505274,63.78,63.78,63.78,90,100,4.68
1211,coihaique,CL,-45.58,-72.07,1570505275,44.6,44.6,44.6,75,90,8.05
1212,road town,VG,18.42,-64.62,1570505101,83.28,82.0,84.2,74,1,14.99
1213,tarko-sale,RU,64.92,77.78,1570505278,27.0,27.0,27.0,92,100,5.66
1214,zhetysay,KZ,40.73,68.3,1570505280,65.06,65.06,65.06,33,0,5.41
1215,grand gaube,MU,-20.01,57.66,1570505281,68.5,68.0,69.01,100,75,11.41
1216,cascais,PT,38.7,-9.42,1570505282,65.05,62.01,66.2,82,0,9.17
1217,punta gorda,US,26.93,-82.05,1570505284,74.93,73.0,77.0,100,75,4.74
1218,dingle,PH,11.0,122.67,1570505285,84.79,84.79,84.79,73,51,9.06
1219,plouzane,FR,48.38,-4.62,1570505286,57.16,55.4,59.0,93,75,8.05
1220,polunochnoye,RU,60.87,60.43,1570505287,39.77,39.77,39.77,98,99,2.24
1221,novyy buyan,RU,53.69,50.04,1570505289,39.2,39.2,39.2,75,75,2.24
1222,suhut,TR,38.53,30.55,1570505290,52.44,52.44,52.44,83,61,5.01
1223,lerwick,GB,60.15,-1.15,1570505291,50.0,48.2,51.8,87,25,16.11
1224,alcudia,ES,39.85,3.12,1570505292,58.77,55.4,62.01,71,0,4.7
1225,borovskoy,KZ,53.8,64.15,1570505293,47.85,47.85,47.85,59,0,4.23
1226,cay,TR,38.59,31.03,1570505295,50.35,50.35,50.35,89,17,6.78
1227,maturin,VE,9.75,-63.18,1570505297,70.13,70.13,70.13,84,24,3.58
1228,cua,VE,10.16,-66.89,1570505298,74.97,72.0,78.8,74,20,4.7
1229,mandla,IN,22.6,80.37,1570505299,75.79,75.79,75.79,76,0,5.35
1230,marsa matruh,EG,31.35,27.25,1570505301,68.0,68.0,68.0,77,0,4.7
1231,tsiroanomandidy,MG,-18.77,46.05,1570505302,66.39,66.39,66.39,62,7,2.01
1232,moundsville,US,39.92,-80.74,1570505303,50.61,48.99,52.0,93,90,2.75
1233,ushuaia,AR,-54.81,-68.31,1570505304,32.0,32.0,32.0,96,90,34.45
1234,rovaniemi,FI,66.5,25.72,1570505305,33.8,33.8,33.8,97,90,8.05
1235,shache,CN,38.42,77.24,1570505307,61.0,61.0,61.0,86,95,4.61
1236,pokhara,NP,28.21,83.99,1570505309,57.8,57.8,57.8,66,0,3.51
1237,maua,KE,0.23,37.94,1570505310,50.44,50.44,50.44,60,0,6.04
1238,bocsig,RO,46.42,21.94,1570505312,30.47,30.0,32.0,92,0,3.36
1239,watsa,CD,3.04,29.53,1570505313,62.68,62.68,62.68,97,100,1.5
1240,baneh,IR,35.99,45.88,1570505314,51.04,51.04,51.04,50,0,1.97
1241,lakselv,NO,70.05,24.96,1570505316,35.73,35.01,37.4,98,100,5.82
1242,mahanoro,MG,-19.9,48.8,1570505318,65.13,65.13,65.13,92,0,2.15
1243,abu samrah,SY,35.3,37.18,1570505319,59.17,59.17,59.17,89,94,2.46
1244,mananjary,MG,-19.16,46.8,1570505320,63.28,63.28,63.28,63,0,5.86
1245,yining,CN,29.04,114.56,1570505322,72.8,72.8,72.8,56,68,2.3
1246,bakau,GM,13.48,-16.68,1570505325,77.0,77.0,77.0,94,40,2.24
1247,oksfjord,NO,70.24,22.35,1570505326,35.28,33.8,37.4,73,0,12.75
1248,betare oya,CM,5.6,14.08,1570505327,66.95,66.95,66.95,98,100,0.81
1249,soavinandriana,MG,-19.17,46.74,1570505328,63.28,63.28,63.28,63,0,5.86
1250,kayerkan,RU,69.35,87.76,1570505330,21.2,21.2,21.2,100,75,6.71
1251,benguela,AO,-12.58,13.4,1570505331,71.52,71.52,71.52,89,99,5.32
1252,zastron,ZA,-30.3,27.08,1570505332,40.72,40.72,40.72,85,0,2.89
1253,buraydah,SA,26.33,43.97,1570505333,78.8,78.8,78.8,47,40,4.7
1254,san ramon,NI,12.92,-85.84,1570505280,67.22,67.22,67.22,97,92,1.77
1255,tahoua,NE,14.89,5.26,1570505336,82.4,82.4,82.4,74,0,4.7
1256,am timan,TD,11.04,20.28,1570505340,70.49,70.49,70.49,91,100,2.62
1257,anloga,GH,5.79,0.9,1570505341,77.0,77.0,77.0,88,20,12.75
1258,camacha,PT,33.08,-16.33,1570505318,70.86,69.8,71.6,73,20,9.17
1259,edd,ER,13.93,41.69,1570505345,85.67,85.67,85.67,68,0,2.08
1260,cayenne,GF,4.94,-52.33,1570505346,77.0,77.0,77.0,94,20,3.36
1261,brae,GB,60.4,-1.35,1570505347,50.25,48.2,51.8,93,25,14.99
1262,mayumba,GA,-3.44,10.65,1570505348,76.13,76.13,76.13,86,94,5.79
1263,luderitz,NA,-26.65,15.16,1570505350,57.2,57.2,57.2,82,0,6.93
1264,mochalishche,RU,56.33,48.35,1570505351,35.6,35.6,35.6,75,75,17.9
1265,kisangani,CD,0.52,25.21,1570505352,69.92,69.92,69.92,99,100,1.5
1266,auburn,US,44.1,-70.23,1570505065,55.2,53.01,57.2,100,90,4.7
1267,hearst,CA,49.69,-83.67,1570505355,39.88,39.88,39.88,91,32,5.44
1268,iskateley,RU,67.68,53.15,1570505356,32.06,32.06,32.06,83,95,13.24
1269,gbadolite,CD,4.28,21.0,1570505357,68.35,68.35,68.35,95,100,0.81
1270,sao gabriel,BR,-30.34,-54.32,1570505358,57.82,57.82,57.82,85,0,2.86
1271,vardo,US,39.62,-77.74,1570505359,56.97,55.0,59.0,93,90,8.05
1272,itupiranga,BR,-5.13,-49.33,1570505362,77.0,77.0,77.0,94,0,1.81
1273,lovozero,RU,68.01,35.02,1570505363,27.56,27.56,27.56,91,100,4.54
1274,naliya,IN,23.26,68.83,1570505364,85.02,85.02,85.02,57,0,7.74
1275,berlevag,NO,70.86,29.09,1570505365,37.4,37.4,37.4,74,75,6.93
1276,medvedka,RU,61.17,46.39,1570505367,41.1,41.1,41.1,95,100,7.99
1277,zlatna,RO,46.11,23.22,1570505368,32.07,30.0,33.8,80,20,4.7
1278,graaff-reinet,ZA,-32.25,24.53,1570505369,55.28,55.28,55.28,82,68,2.64
1279,serpa,PT,37.94,-7.6,1570505370,62.6,62.6,62.6,59,0,9.17
1280,marfino,RU,56.07,37.56,1570505371,31.35,30.0,32.0,88,40,11.18
